brand,lineup,year,tier,panel_tech,backlight_tech,model_code_base,resolution,refresh_rate_native,peak_brightness_nits,brightness_source,dimming,processor,audio_channels,audio_output_w,smart_os_version,hdr_formats,gaming_features,connectivity,key_features,size_variants_in,estimated_fields,os,os_base,os_voice,os_fast,os_cloud_gaming,os_airplay,os_ad_level,os_top_strength
삼성,The Frame,2026,mid,QLED,edge-lit,LS03H,4K,120,600,골든셋(공식 사이트/뉴스 확인),edge-lit,NQ4 AI Gen2,2.0,20,Tizen 10.0,"HDR10+, HLG","VRR, ALLM, 120Hz, FreeSync","HDMI2.1 x4, eARC, WiFi, Bluetooth","QLED, 120Hz, HDR10+, VRR/ALLM 게이밍","43, 50, 55, 65, 75, 85, 98","audio_channels, audio_output_w",Tizen,Linux(Tizen),Bixby + Alexa,Samsung TV Plus,"Gaming Hub(Xbox·GeForce Now·Amazon Luna, 콘솔 없이 클라우드)",True,med,콘솔 없이 클라우드 게임(Gaming Hub); SmartThings 스마트홈 허브 내장; AirPlay 2·모든 주요 앱 지원
삼성,The Frame Pro,2026,high,Neo-QLED,Mini-LED,LS03HW,4K,120,1000,골든셋(공식 사이트/뉴스 확인),mini-led,NQ4 AI Gen3,2.2,40,Tizen 10.0,"HDR10+, HLG","VRR, ALLM, 144Hz, FreeSync Premium","HDMI2.1 x4, eARC, WiFi, Bluetooth","Neo-QLED, 120Hz, HDR10+, VRR/ALLM 게이밍","65, 75, 85","audio_channels, audio_output_w",Tizen,Linux(Tizen),Bixby + Alexa,Samsung TV Plus,"Gaming Hub(Xbox·GeForce Now·Amazon Luna, 콘솔 없이 클라우드)",True,med,콘솔 없이 클라우드 게임(Gaming Hub); SmartThings 스마트홈 허브 내장; AirPlay 2·모든 주요 앱 지원
삼성,Mini LED 4K M70H,2026,mid,Mini-LED,Mini-LED,M70H,4K,60,600,골든셋(공식 사이트/뉴스 확인),mini-led,Mini LED 4K,2.0,20,Tizen 10.0,"HDR10+, HDR10, HLG",ALLM,"HDMI2.0 x3, eARC, WiFi, Bluetooth","Mini-LED, 60Hz, HDR10+","43, 50, 55, 65, 75, 85","audio_channels, audio_output_w",Tizen,Linux(Tizen),Bixby + Alexa,Samsung TV Plus,"Gaming Hub(Xbox·GeForce Now·Amazon Luna, 콘솔 없이 클라우드)",True,med,콘솔 없이 클라우드 게임(Gaming Hub); SmartThings 스마트홈 허브 내장; AirPlay 2·모든 주요 앱 지원
삼성,Mini LED 4K M80H,2026,high,Mini-LED,Mini-LED,M80H,4K,144,800,골든셋(공식 사이트/뉴스 확인),mini-led,Mini LED 4K AI,2.2,40,Tizen 10.0,"HDR10+, HDR10, HLG","VRR, ALLM, 144Hz, FreeSync","HDMI2.1 x2, eARC, WiFi, Bluetooth","Mini-LED, 144Hz, HDR10+, VRR/ALLM 게이밍","55, 65, 75, 85","audio_channels, audio_output_w",Tizen,Linux(Tizen),Bixby + Alexa,Samsung TV Plus,"Gaming Hub(Xbox·GeForce Now·Amazon Luna, 콘솔 없이 클라우드)",True,med,콘솔 없이 클라우드 게임(Gaming Hub); SmartThings 스마트홈 허브 내장; AirPlay 2·모든 주요 앱 지원
삼성,Neo QLED 4K,2026,high,Neo-QLED,Mini-LED,QN70H,4K,120,750,골든셋(공식 사이트/뉴스 확인),mini-led,NQ4 AI Gen2,2.2,40,Tizen 10.0,"HDR10+, HLG","VRR, ALLM, 144Hz, FreeSync Premium","HDMI2.1 x4, eARC, WiFi, Bluetooth","Neo-QLED, HDR10+","43, 50, 55, 65, 75, 85","audio_channels, audio_output_w",Tizen,Linux(Tizen),Bixby + Alexa,Samsung TV Plus,"Gaming Hub(Xbox·GeForce Now·Amazon Luna, 콘솔 없이 클라우드)",True,med,콘솔 없이 클라우드 게임(Gaming Hub); SmartThings 스마트홈 허브 내장; AirPlay 2·모든 주요 앱 지원
삼성,Neo QLED 4K,2026,flagship,Neo-QLED,Mini-LED,QN80H,4K,144,1100,골든셋(공식 사이트/뉴스 확인),mini-led,NQ4 AI Gen2,4.2.2,70,Tizen 10.0,"HDR10+, HLG","VRR, ALLM, 144Hz, FreeSync Premium Pro, G-Sync","HDMI2.1 x4, eARC, WiFi, Bluetooth","Neo-QLED, HDR10+","55, 65, 75, 85, 100","audio_channels, audio_output_w",Tizen,Linux(Tizen),Bixby + Alexa,Samsung TV Plus,"Gaming Hub(Xbox·GeForce Now·Amazon Luna, 콘솔 없이 클라우드)",True,med,콘솔 없이 클라우드 게임(Gaming Hub); SmartThings 스마트홈 허브 내장; AirPlay 2·모든 주요 앱 지원
삼성,Neo QLED 8K,2026,flagship,Neo-QLED,Mini-LED,QN990H,8K,165,2500,골든셋(공식 사이트/뉴스 확인),mini-led,NQ8 AI Gen3,6.2.4,90,Tizen 10.0,"HDR10+, HLG","VRR, ALLM, 240Hz, FreeSync Premium Pro","HDMI2.1 x5, eARC, WiFi6E, Bluetooth","Neo-QLED, HDR10+","85, 98","audio_channels, audio_output_w",Tizen,Linux(Tizen),Bixby + Alexa,Samsung TV Plus,"Gaming Hub(Xbox·GeForce Now·Amazon Luna, 콘솔 없이 클라우드)",True,med,콘솔 없이 클라우드 게임(Gaming Hub); SmartThings 스마트홈 허브 내장; AirPlay 2·모든 주요 앱 지원
삼성,Micro RGB,2026,high,Mini-LED,RGB-Mini-LED,R85H,4K,144,2500,골든셋(공식 사이트/뉴스 확인),mini-led,Micro RGB AI,2.2,40,Tizen 10.0,"HDR10+, HLG","VRR, ALLM, 144Hz, FreeSync Premium Pro","HDMI2.1 x4, eARC, WiFi, Bluetooth","Mini-LED, 144Hz, 고휘도(2000nit+), HDR10+, VRR/ALLM 게이밍","55, 65, 75, 85, 98","audio_channels, audio_output_w",Tizen,Linux(Tizen),Bixby + Alexa,Samsung TV Plus,"Gaming Hub(Xbox·GeForce Now·Amazon Luna, 콘솔 없이 클라우드)",True,med,콘솔 없이 클라우드 게임(Gaming Hub); SmartThings 스마트홈 허브 내장; AirPlay 2·모든 주요 앱 지원
삼성,Micro RGB,2026,flagship,Mini-LED,RGB-Mini-LED,R95H,4K,165,4000,골든셋(공식 사이트/뉴스 확인),mini-led,Micro RGB AI,4.2.2,70,Tizen 10.0,"HDR10+, HLG","VRR, ALLM, 165Hz, FreeSync Premium Pro","HDMI2.1 x4, eARC, WiFi, Bluetooth","Mini-LED, 165Hz, 고휘도(2000nit+), HDR10+, VRR/ALLM 게이밍","65, 75, 85, 130","audio_channels, audio_output_w",Tizen,Linux(Tizen),Bixby + Alexa,Samsung TV Plus,"Gaming Hub(Xbox·GeForce Now·Amazon Luna, 콘솔 없이 클라우드)",True,med,콘솔 없이 클라우드 게임(Gaming Hub); SmartThings 스마트홈 허브 내장; AirPlay 2·모든 주요 앱 지원
삼성,OLED,2026,mid,WOLED,self-emissive(OLED),S85H,4K,120,800,골든셋(공식 사이트/뉴스 확인),per-pixel,NQ4 AI Gen2,2.0,20,Tizen 10.0,"HDR10+, HLG","VRR, ALLM, 120Hz, FreeSync Premium, G-Sync","HDMI2.1 x4, eARC, WiFi, Bluetooth","WOLED, HDR10+","48, 55, 65, 77, 83","audio_channels, audio_output_w",Tizen,Linux(Tizen),Bixby + Alexa,Samsung TV Plus,"Gaming Hub(Xbox·GeForce Now·Amazon Luna, 콘솔 없이 클라우드)",True,med,콘솔 없이 클라우드 게임(Gaming Hub); SmartThings 스마트홈 허브 내장; AirPlay 2·모든 주요 앱 지원
삼성,OLED,2026,high,QD-OLED,self-emissive(OLED),S90H,4K,165,2450,골든셋(공식 사이트/뉴스 확인) · 실측 출처 reviews(2450nit),per-pixel,NQ4 AI Gen3,2.2,40,Tizen 10.0,"HDR10+, HLG","VRR, ALLM, 165Hz, FreeSync Premium Pro","HDMI2.1 x4, eARC, WiFi, Bluetooth","QD-OLED, HDR10+","42, 48, 55, 65, 77, 83","audio_channels, audio_output_w",Tizen,Linux(Tizen),Bixby + Alexa,Samsung TV Plus,"Gaming Hub(Xbox·GeForce Now·Amazon Luna, 콘솔 없이 클라우드)",True,med,콘솔 없이 클라우드 게임(Gaming Hub); SmartThings 스마트홈 허브 내장; AirPlay 2·모든 주요 앱 지원
삼성,OLED,2026,flagship,QD-OLED,self-emissive(OLED),S95H,4K,165,2704,골든셋(공식 사이트/뉴스 확인) · 실측 출처 reviews(2704nit),per-pixel,NQ4 AI Gen3,4.2.2,70,Tizen 10.0,"HDR10+, HLG","VRR, ALLM, 165Hz, FreeSync Premium Pro","HDMI2.1 x4, eARC, WiFi, Bluetooth","QD-OLED, HDR10+","55, 65, 75, 83","audio_channels, audio_output_w",Tizen,Linux(Tizen),Bixby + Alexa,Samsung TV Plus,"Gaming Hub(Xbox·GeForce Now·Amazon Luna, 콘솔 없이 클라우드)",True,med,콘솔 없이 클라우드 게임(Gaming Hub); SmartThings 스마트홈 허브 내장; AirPlay 2·모든 주요 앱 지원
삼성,OLED,2026,flagship,QD-OLED,self-emissive(OLED),S99H,4K,165,2800,골든셋(공식 사이트/뉴스 확인),per-pixel,NQ4 AI Gen3,4.2.2,70,Tizen 10.0,"HDR10+, HLG","VRR, ALLM, 165Hz, FreeSync Premium Pro","HDMI2.1 x4, eARC, WiFi, Bluetooth","QD-OLED, HDR10+","55, 65, 77, 83","audio_channels, audio_output_w",Tizen,Linux(Tizen),Bixby + Alexa,Samsung TV Plus,"Gaming Hub(Xbox·GeForce Now·Amazon Luna, 콘솔 없이 클라우드)",True,med,콘솔 없이 클라우드 게임(Gaming Hub); SmartThings 스마트홈 허브 내장; AirPlay 2·모든 주요 앱 지원
삼성,Crystal UHD U8000H,2026,entry,LED-LCD,direct-LED,U8000H,4K,60,300,골든셋(공식 사이트/뉴스 확인),none,Crystal 4K,2.0,20,Tizen 10.0,"HDR10+, HDR10, HLG",ALLM,"HDMI2.0 x3, eARC, WiFi, Bluetooth","LED-LCD, 60Hz, HDR10+","43, 50, 55, 58, 65, 70, 75, 85","audio_channels, audio_output_w",Tizen,Linux(Tizen),Bixby + Alexa,Samsung TV Plus,"Gaming Hub(Xbox·GeForce Now·Amazon Luna, 콘솔 없이 클라우드)",True,med,콘솔 없이 클라우드 게임(Gaming Hub); SmartThings 스마트홈 허브 내장; AirPlay 2·모든 주요 앱 지원
삼성,The Frame,2025,mid,QLED,edge-lit,LS03F,4K,120,600,골든셋(공식 사이트/뉴스 확인),edge-lit,NQ4 AI Gen2,2.0,20,Tizen 9.0,"HDR10+, HLG","VRR, ALLM, 144Hz, FreeSync Premium","HDMI2.1 x4, eARC, WiFi, Bluetooth","QLED, 120Hz, HDR10+, VRR/ALLM 게이밍","32, 43, 50, 55, 65, 75, 85","audio_channels, audio_output_w",Tizen,Linux(Tizen),Bixby + Alexa,Samsung TV Plus,"Gaming Hub(Xbox·GeForce Now·Amazon Luna, 콘솔 없이 클라우드)",True,med,콘솔 없이 클라우드 게임(Gaming Hub); SmartThings 스마트홈 허브 내장; AirPlay 2·모든 주요 앱 지원
삼성,The Frame Pro,2025,high,Neo-QLED,Mini-LED,LS03FW,4K,120,1000,골든셋(공식 사이트/뉴스 확인),mini-led,NQ4 AI Gen3,2.2,40,Tizen 9.0,"HDR10+, HLG","VRR, ALLM, 144Hz, FreeSync Premium","HDMI2.1 x4, eARC, WiFi, Bluetooth","Neo-QLED, 120Hz, HDR10+, VRR/ALLM 게이밍","65, 75, 85","audio_channels, audio_output_w",Tizen,Linux(Tizen),Bixby + Alexa,Samsung TV Plus,"Gaming Hub(Xbox·GeForce Now·Amazon Luna, 콘솔 없이 클라우드)",True,med,콘솔 없이 클라우드 게임(Gaming Hub); SmartThings 스마트홈 허브 내장; AirPlay 2·모든 주요 앱 지원
삼성,Micro RGB,2025,flagship,Mini-LED,RGB-Mini-LED,MR95F,4K,120,4000,골든셋(공식 사이트/뉴스 확인),mini-led,Micro RGB AI,4.2.2,70,Tizen 9.0,"HDR10+, HLG","VRR, ALLM, 144Hz, FreeSync Premium Pro","HDMI2.1 x4, eARC, WiFi, Bluetooth","Mini-LED, 120Hz, 고휘도(2000nit+), HDR10+, VRR/ALLM 게이밍",115,"audio_channels, audio_output_w",Tizen,Linux(Tizen),Bixby + Alexa,Samsung TV Plus,"Gaming Hub(Xbox·GeForce Now·Amazon Luna, 콘솔 없이 클라우드)",True,med,콘솔 없이 클라우드 게임(Gaming Hub); SmartThings 스마트홈 허브 내장; AirPlay 2·모든 주요 앱 지원
삼성,QLED Q6F,2025,entry,QLED,edge-lit,Q6F,4K,60,300,골든셋(공식 사이트/뉴스 확인),none,Q4 AI,2.0,20,Tizen 9.0,"HDR10+, HDR10, HLG",ALLM,"HDMI2.0 x3, eARC, WiFi, Bluetooth","QLED, 60Hz, HDR10+","55, 65, 75, 85","audio_channels, audio_output_w",Tizen,Linux(Tizen),Bixby + Alexa,Samsung TV Plus,"Gaming Hub(Xbox·GeForce Now·Amazon Luna, 콘솔 없이 클라우드)",True,med,콘솔 없이 클라우드 게임(Gaming Hub); SmartThings 스마트홈 허브 내장; AirPlay 2·모든 주요 앱 지원
삼성,QLED Q7F,2025,mid,QLED,edge-lit,Q7F,4K,60,400,골든셋(공식 사이트/뉴스 확인),edge-lit,Q4 AI,2.0,20,Tizen 9.0,"HDR10+, HDR10, HLG",ALLM,"HDMI2.0 x3, eARC, WiFi, Bluetooth","QLED, 60Hz, HDR10+","43, 50, 55, 65, 75, 85, 98","audio_channels, audio_output_w",Tizen,Linux(Tizen),Bixby + Alexa,Samsung TV Plus,"Gaming Hub(Xbox·GeForce Now·Amazon Luna, 콘솔 없이 클라우드)",True,med,콘솔 없이 클라우드 게임(Gaming Hub); SmartThings 스마트홈 허브 내장; AirPlay 2·모든 주요 앱 지원
삼성,QLED Q8F,2025,mid,QLED,FALD,Q8F,4K,120,600,골든셋(공식 사이트/뉴스 확인) · 실측 출처 reviews(1520nit),full-array,Q4 AI,2.0,20,Tizen 9.0,"HDR10+, HLG","VRR, ALLM, 120Hz, FreeSync","HDMI2.1 x2, eARC, WiFi, Bluetooth","QLED, 120Hz, HDR10+, VRR/ALLM 게이밍","43, 50, 55, 65, 75, 85","audio_channels, audio_output_w",Tizen,Linux(Tizen),Bixby + Alexa,Samsung TV Plus,"Gaming Hub(Xbox·GeForce Now·Amazon Luna, 콘솔 없이 클라우드)",True,med,콘솔 없이 클라우드 게임(Gaming Hub); SmartThings 스마트홈 허브 내장; AirPlay 2·모든 주요 앱 지원
삼성,Neo QLED 4K,2025,mid,Neo-QLED,Mini-LED,QN70F,4K,120,750,골든셋(공식 사이트/뉴스 확인) · 실측 출처 rtings(733nit),mini-led,NQ4 AI Gen2,2.0,20,Tizen 9.0,"HDR10+, HLG","VRR, ALLM, 144Hz, FreeSync Premium","HDMI2.1 x4, eARC, WiFi, Bluetooth","Neo-QLED, 120Hz, HDR10+, VRR/ALLM 게이밍","55, 65, 75, 85","audio_channels, audio_output_w",Tizen,Linux(Tizen),Bixby + Alexa,Samsung TV Plus,"Gaming Hub(Xbox·GeForce Now·Amazon Luna, 콘솔 없이 클라우드)",True,med,콘솔 없이 클라우드 게임(Gaming Hub); SmartThings 스마트홈 허브 내장; AirPlay 2·모든 주요 앱 지원
삼성,Neo QLED 8K,2025,high,Neo-QLED,Mini-LED,QN800F,8K,120,1600,골든셋(공식 사이트/뉴스 확인),mini-led,NQ8 AI Gen3,6.2.4,90,Tizen 9.0,"HDR10+, HLG","VRR, ALLM, 120Hz, FreeSync Premium Pro","HDMI2.1 x4, eARC, WiFi, Bluetooth","Neo-QLED, 120Hz, HDR10+, VRR/ALLM 게이밍","65, 75, 85","audio_channels, audio_output_w",Tizen,Linux(Tizen),Bixby + Alexa,Samsung TV Plus,"Gaming Hub(Xbox·GeForce Now·Amazon Luna, 콘솔 없이 클라우드)",True,med,콘솔 없이 클라우드 게임(Gaming Hub); SmartThings 스마트홈 허브 내장; AirPlay 2·모든 주요 앱 지원
삼성,Neo QLED 4K,2025,mid,Neo-QLED,Mini-LED,QN80F,4K,120,1100,골든셋(공식 사이트/뉴스 확인) · 실측 출처 techradar(1106nit),mini-led,NQ4 AI Gen2,2.0,20,Tizen 9.0,"HDR10+, HLG","VRR, ALLM, 120Hz, FreeSync Premium Pro","HDMI2.1 x4, eARC, WiFi, Bluetooth","Neo-QLED, 120Hz, HDR10+, VRR/ALLM 게이밍","55, 65, 75, 85, 100","audio_channels, audio_output_w",Tizen,Linux(Tizen),Bixby + Alexa,Samsung TV Plus,"Gaming Hub(Xbox·GeForce Now·Amazon Luna, 콘솔 없이 클라우드)",True,med,콘솔 없이 클라우드 게임(Gaming Hub); SmartThings 스마트홈 허브 내장; AirPlay 2·모든 주요 앱 지원
삼성,Neo QLED 4K,2025,high,Neo-QLED,Mini-LED,QN85F,4K,144,1500,RTINGS/전문리뷰 실측+동급 근사 · 실측 출처 choose.tv(1700nit),mini-led,NQ4 AI Gen3,2.2,40,Tizen 9.0,"HDR10+, HLG","VRR, ALLM, 144Hz, FreeSync Premium Pro","HDMI2.1 x4, eARC, WiFi, Bluetooth","Neo-QLED, 144Hz, HDR10+, VRR/ALLM 게이밍","55, 65, 75, 85","audio_channels, audio_output_w",Tizen,Linux(Tizen),Bixby + Alexa,Samsung TV Plus,"Gaming Hub(Xbox·GeForce Now·Amazon Luna, 콘솔 없이 클라우드)",True,med,콘솔 없이 클라우드 게임(Gaming Hub); SmartThings 스마트홈 허브 내장; AirPlay 2·모든 주요 앱 지원
삼성,Neo QLED 8K,2025,flagship,Neo-QLED,Mini-LED,QN900F,8K,120,2000,골든셋(공식 사이트/뉴스 확인) · 실측 출처 reviews(2109nit),mini-led,NQ8 AI Gen2,6.2.4,90,Tizen 9.0,"HDR10+, HLG","VRR, ALLM, 165Hz, FreeSync Premium Pro","HDMI2.1 x4, eARC, WiFi, Bluetooth","Neo-QLED, 120Hz, 고휘도(2000nit+), HDR10+, VRR/ALLM 게이밍","65, 75, 85","audio_channels, audio_output_w",Tizen,Linux(Tizen),Bixby + Alexa,Samsung TV Plus,"Gaming Hub(Xbox·GeForce Now·Amazon Luna, 콘솔 없이 클라우드)",True,med,콘솔 없이 클라우드 게임(Gaming Hub); SmartThings 스마트홈 허브 내장; AirPlay 2·모든 주요 앱 지원
삼성,Neo QLED 4K,2025,flagship,Neo-QLED,Mini-LED,QN90F,4K,165,2100,RTINGS/전문리뷰 실측+동급 근사 · 실측 출처 rtings(2500nit),mini-led,NQ4 AI Gen3,4.2.2,70,Tizen 9.0,"HDR10+, HLG","VRR, ALLM, 165Hz, FreeSync Premium Pro","HDMI2.1 x4, eARC, WiFi, Bluetooth","Neo-QLED, 165Hz, 고휘도(2000nit+), HDR10+, VRR/ALLM 게이밍","43, 50, 55, 65, 75, 85, 98, 115","audio_channels, audio_output_w",Tizen,Linux(Tizen),Bixby + Alexa,Samsung TV Plus,"Gaming Hub(Xbox·GeForce Now·Amazon Luna, 콘솔 없이 클라우드)",True,med,콘솔 없이 클라우드 게임(Gaming Hub); SmartThings 스마트홈 허브 내장; AirPlay 2·모든 주요 앱 지원
삼성,Neo QLED 4K,2025,flagship,Neo-QLED,Mini-LED,QN95F,4K,165,2200,골든셋(공식 사이트/뉴스 확인),mini-led,NQ4 AI Gen3,4.2.2,70,Tizen 9.0,"HDR10+, HLG","VRR, ALLM, 165Hz, FreeSync Premium Pro","HDMI2.1 x4, eARC, WiFi, Bluetooth","Neo-QLED, 165Hz, 고휘도(2000nit+), HDR10+, VRR/ALLM 게이밍","55, 65, 75, 85","audio_channels, audio_output_w",Tizen,Linux(Tizen),Bixby + Alexa,Samsung TV Plus,"Gaming Hub(Xbox·GeForce Now·Amazon Luna, 콘솔 없이 클라우드)",True,med,콘솔 없이 클라우드 게임(Gaming Hub); SmartThings 스마트홈 허브 내장; AirPlay 2·모든 주요 앱 지원
삼성,Neo QLED 8K,2025,flagship,Neo-QLED,Mini-LED,QN990F,8K,165,2300,RTINGS/전문리뷰 실측+동급 근사 · 실측 출처 reviews(2109nit),mini-led,NQ8 AI Gen3,6.2.4,90,Tizen 9.0,"HDR10+, HLG","VRR, ALLM, 165Hz, FreeSync Premium Pro","HDMI2.1 x4, eARC, WiFi, Bluetooth","Neo-QLED, 165Hz, 고휘도(2000nit+), HDR10+, VRR/ALLM 게이밍","65, 75, 85, 98","audio_channels, audio_output_w",Tizen,Linux(Tizen),Bixby + Alexa,Samsung TV Plus,"Gaming Hub(Xbox·GeForce Now·Amazon Luna, 콘솔 없이 클라우드)",True,med,콘솔 없이 클라우드 게임(Gaming Hub); SmartThings 스마트홈 허브 내장; AirPlay 2·모든 주요 앱 지원
삼성,OLED,2025,mid,QD-OLED,self-emissive(OLED),S85F,4K,120,1000,골든셋(공식 사이트/뉴스 확인) · 실측 출처 reviews(1000nit),per-pixel,NQ4 AI Gen2,2.0,20,Tizen 9.0,"HDR10+, HLG","VRR, ALLM, 144Hz, FreeSync Premium","HDMI2.1 x4, eARC, WiFi, Bluetooth","QD-OLED, 120Hz, HDR10+, VRR/ALLM 게이밍","55, 65, 77, 83","audio_channels, audio_output_w",Tizen,Linux(Tizen),Bixby + Alexa,Samsung TV Plus,"Gaming Hub(Xbox·GeForce Now·Amazon Luna, 콘솔 없이 클라우드)",True,med,콘솔 없이 클라우드 게임(Gaming Hub); SmartThings 스마트홈 허브 내장; AirPlay 2·모든 주요 앱 지원
삼성,OLED,2025,high,QD-OLED,self-emissive(OLED),S90F,4K,144,1300,RTINGS/전문리뷰 실측+동급 근사 · 실측 출처 avforums(1300nit),per-pixel,NQ4 AI Gen3,2.2,40,Tizen 9.0,"HDR10+, HLG","VRR, ALLM, 144Hz, FreeSync Premium Pro","HDMI2.1 x4, eARC, WiFi, Bluetooth","QD-OLED, 144Hz, HDR10+, VRR/ALLM 게이밍","42, 48, 55, 65, 77, 83","audio_channels, audio_output_w",Tizen,Linux(Tizen),Bixby + Alexa,Samsung TV Plus,"Gaming Hub(Xbox·GeForce Now·Amazon Luna, 콘솔 없이 클라우드)",True,med,콘솔 없이 클라우드 게임(Gaming Hub); SmartThings 스마트홈 허브 내장; AirPlay 2·모든 주요 앱 지원
삼성,OLED,2025,flagship,QD-OLED,self-emissive(OLED),S95F,4K,165,2132,RTINGS/전문리뷰 실측+동급 근사 · 실측 출처 rtings(3789nit),per-pixel,NQ4 AI Gen3,4.2.2,70,Tizen 9.0,"HDR10+, HLG","VRR, ALLM, 165Hz, FreeSync Premium Pro","HDMI2.1 x4, eARC, WiFi, Bluetooth","QD-OLED, 165Hz, 고휘도(2000nit+), HDR10+, VRR/ALLM 게이밍","55, 65, 77, 83","audio_channels, audio_output_w",Tizen,Linux(Tizen),Bixby + Alexa,Samsung TV Plus,"Gaming Hub(Xbox·GeForce Now·Amazon Luna, 콘솔 없이 클라우드)",True,med,콘솔 없이 클라우드 게임(Gaming Hub); SmartThings 스마트홈 허브 내장; AirPlay 2·모든 주요 앱 지원
삼성,Crystal UHD U8000F,2025,entry,LED-LCD,direct-LED,U8000F,4K,60,300,골든셋(공식 사이트/뉴스 확인),none,Crystal 4K,2.0,20,Tizen 9.0,"HDR10+, HDR10, HLG",ALLM,"HDMI2.0 x3, eARC, WiFi, Bluetooth","LED-LCD, 60Hz, HDR10+","43, 50, 55, 58, 65, 70, 75, 85","audio_channels, audio_output_w",Tizen,Linux(Tizen),Bixby + Alexa,Samsung TV Plus,"Gaming Hub(Xbox·GeForce Now·Amazon Luna, 콘솔 없이 클라우드)",True,med,콘솔 없이 클라우드 게임(Gaming Hub); SmartThings 스마트홈 허브 내장; AirPlay 2·모든 주요 앱 지원
삼성,Crystal UHD,2024,mid,LED-LCD,edge-lit,DU8000,4K,60,500,RTINGS/전문리뷰 실측+동급 근사,edge-lit,Crystal 4K,2.0,20,Tizen 8.0,"HDR10+, HLG","ALLM, 60Hz","HDMI2.0 x3, eARC, WiFi, Bluetooth","LED-LCD, 60Hz, HDR10+",,"audio_channels, audio_output_w",Tizen,Linux(Tizen),Bixby + Alexa,Samsung TV Plus,"Gaming Hub(Xbox·GeForce Now·Amazon Luna, 콘솔 없이 클라우드)",True,med,콘솔 없이 클라우드 게임(Gaming Hub); SmartThings 스마트홈 허브 내장; AirPlay 2·모든 주요 앱 지원
삼성,Neo QLED 8K,2024,high,Neo-QLED,Mini-LED,QN800D,8K,240,1600,RTINGS/전문리뷰 실측+동급 근사,mini-led,NQ8 AI Gen3,6.2.4,90,Tizen 8.0,"HDR10+, HLG","VRR, ALLM, 240Hz, FreeSync Premium Pro","HDMI2.1 x4, eARC, WiFi, Bluetooth","Neo-QLED, 240Hz, HDR10+, VRR/ALLM 게이밍","65, 75, 85","audio_channels, audio_output_w",Tizen,Linux(Tizen),Bixby + Alexa,Samsung TV Plus,"Gaming Hub(Xbox·GeForce Now·Amazon Luna, 콘솔 없이 클라우드)",True,med,콘솔 없이 클라우드 게임(Gaming Hub); SmartThings 스마트홈 허브 내장; AirPlay 2·모든 주요 앱 지원
삼성,Neo QLED 4K,2024,high,Neo-QLED,Mini-LED,QN85D,4K,120,1400,RTINGS/전문리뷰 실측+동급 근사,mini-led,NQ4 AI Gen2,2.2,40,Tizen 8.0,"HDR10+, HLG","VRR, ALLM, 120Hz, FreeSync Premium Pro","HDMI2.1 x4, eARC, WiFi, Bluetooth","Neo-QLED, 120Hz, HDR10+, VRR/ALLM 게이밍","55, 65, 75, 85","audio_channels, audio_output_w",Tizen,Linux(Tizen),Bixby + Alexa,Samsung TV Plus,"Gaming Hub(Xbox·GeForce Now·Amazon Luna, 콘솔 없이 클라우드)",True,med,콘솔 없이 클라우드 게임(Gaming Hub); SmartThings 스마트홈 허브 내장; AirPlay 2·모든 주요 앱 지원
삼성,Neo QLED 8K,2024,flagship,Neo-QLED,Mini-LED,QN900D,8K,240,2200,RTINGS/전문리뷰 실측+동급 근사,mini-led,NQ8 AI Gen3,6.2.4,90,Tizen 8.0,"HDR10+, HLG","VRR, ALLM, 240Hz, FreeSync Premium Pro","HDMI2.1 x4, eARC, WiFi, Bluetooth","Neo-QLED, 240Hz, 고휘도(2000nit+), HDR10+, VRR/ALLM 게이밍","65, 75, 85","audio_channels, audio_output_w",Tizen,Linux(Tizen),Bixby + Alexa,Samsung TV Plus,"Gaming Hub(Xbox·GeForce Now·Amazon Luna, 콘솔 없이 클라우드)",True,med,콘솔 없이 클라우드 게임(Gaming Hub); SmartThings 스마트홈 허브 내장; AirPlay 2·모든 주요 앱 지원
삼성,Neo QLED 4K,2024,flagship,Neo-QLED,Mini-LED,QN90D,4K,144,2500,RTINGS/전문리뷰 실측+동급 근사 · 실측 출처 rtings(2100nit),mini-led,NQ4 AI Gen2,4.2.2,70,Tizen 8.0,"HDR10+, HLG","VRR, ALLM, 144Hz, FreeSync Premium Pro","HDMI2.1 x4, eARC, WiFi, Bluetooth","Neo-QLED, 144Hz, 고휘도(2000nit+), HDR10+, VRR/ALLM 게이밍","43, 50, 55, 65, 75, 85, 98","audio_channels, audio_output_w",Tizen,Linux(Tizen),Bixby + Alexa,Samsung TV Plus,"Gaming Hub(Xbox·GeForce Now·Amazon Luna, 콘솔 없이 클라우드)",True,med,콘솔 없이 클라우드 게임(Gaming Hub); SmartThings 스마트홈 허브 내장; AirPlay 2·모든 주요 앱 지원
삼성,Neo QLED 4K,2024,flagship,Neo-QLED,Mini-LED,QN95D,4K,144,2000,골든셋(공식 사이트/뉴스 확인),mini-led,NQ4 AI Gen3,4.2.2,70,Tizen 8.0,"HDR10+, HLG","VRR, ALLM, 144Hz, FreeSync Premium Pro","HDMI2.1 x4, eARC, WiFi, Bluetooth","Neo-QLED, 144Hz, 고휘도(2000nit+), HDR10+, VRR/ALLM 게이밍","55, 65, 75, 85","audio_channels, audio_output_w",Tizen,Linux(Tizen),Bixby + Alexa,Samsung TV Plus,"Gaming Hub(Xbox·GeForce Now·Amazon Luna, 콘솔 없이 클라우드)",True,med,콘솔 없이 클라우드 게임(Gaming Hub); SmartThings 스마트홈 허브 내장; AirPlay 2·모든 주요 앱 지원
삼성,OLED,2024,high,QD-OLED,self-emissive(OLED),S90D,4K,144,1000,RTINGS/전문리뷰 실측+동급 근사 · 실측 출처 reviews(1015nit),per-pixel,NQ4 AI Gen2,2.2,40,Tizen 8.0,"HDR10+, HLG","VRR, ALLM, 144Hz, FreeSync Premium Pro","HDMI2.1 x4, eARC, WiFi, Bluetooth","QD-OLED, 144Hz, HDR10+, VRR/ALLM 게이밍","42, 48, 55, 65, 77, 83","audio_channels, audio_output_w",Tizen,Linux(Tizen),Bixby + Alexa,Samsung TV Plus,"Gaming Hub(Xbox·GeForce Now·Amazon Luna, 콘솔 없이 클라우드)",True,med,콘솔 없이 클라우드 게임(Gaming Hub); SmartThings 스마트홈 허브 내장; AirPlay 2·모든 주요 앱 지원
삼성,OLED,2024,flagship,QD-OLED,self-emissive(OLED),S95D,4K,144,1900,RTINGS/전문리뷰 실측+동급 근사 · 실측 출처 avforums(1868nit),per-pixel,NQ4 AI Gen2,4.2.2,70,Tizen 8.0,"HDR10+, HLG","VRR, ALLM, 144Hz, FreeSync Premium Pro","HDMI2.1 x4, eARC, WiFi, Bluetooth","QD-OLED, 144Hz, HDR10+, VRR/ALLM 게이밍","55, 65, 77","audio_channels, audio_output_w",Tizen,Linux(Tizen),Bixby + Alexa,Samsung TV Plus,"Gaming Hub(Xbox·GeForce Now·Amazon Luna, 콘솔 없이 클라우드)",True,med,콘솔 없이 클라우드 게임(Gaming Hub); SmartThings 스마트홈 허브 내장; AirPlay 2·모든 주요 앱 지원
삼성,Neo QLED 4K,2023,high,Neo-QLED,Mini-LED,QN85C,4K,120,1400,골든셋(공식 사이트/뉴스 확인),mini-led,NQ4 AI Gen2,2.2,40,Tizen 7.0,"HDR10+, HLG","VRR, ALLM, 120Hz, FreeSync Premium Pro","HDMI2.1 x4, eARC, WiFi, Bluetooth","Neo-QLED, 120Hz, HDR10+, VRR/ALLM 게이밍","55, 65, 75, 85","audio_channels, audio_output_w",Tizen,Linux(Tizen),Bixby + Alexa,Samsung TV Plus,"Gaming Hub(Xbox·GeForce Now·Amazon Luna, 콘솔 없이 클라우드)",True,med,콘솔 없이 클라우드 게임(Gaming Hub); SmartThings 스마트홈 허브 내장; AirPlay 2·모든 주요 앱 지원
삼성,Neo QLED 8K,2023,flagship,Neo-QLED,Mini-LED,QN900C,8K,120,2000,골든셋(공식 사이트/뉴스 확인),mini-led,NQ8 AI Gen2,6.2.4,90,Tizen 7.0,"HDR10+, HLG","VRR, ALLM, 120Hz, FreeSync Premium Pro","HDMI2.1 x4, eARC, WiFi, Bluetooth","Neo-QLED, 120Hz, 고휘도(2000nit+), HDR10+, VRR/ALLM 게이밍","65, 75, 85","audio_channels, audio_output_w",Tizen,Linux(Tizen),Bixby + Alexa,Samsung TV Plus,"Gaming Hub(Xbox·GeForce Now·Amazon Luna, 콘솔 없이 클라우드)",True,med,콘솔 없이 클라우드 게임(Gaming Hub); SmartThings 스마트홈 허브 내장; AirPlay 2·모든 주요 앱 지원
삼성,Neo QLED 4K,2023,flagship,Neo-QLED,Mini-LED,QN90C,4K,120,2000,골든셋(공식 사이트/뉴스 확인) · 실측 출처 rtings(2000nit),mini-led,NQ4 AI Gen2,4.2.2,70,Tizen 7.0,"HDR10+, HLG","VRR, ALLM, 120Hz, FreeSync Premium Pro","HDMI2.1 x4, eARC, WiFi, Bluetooth","Neo-QLED, 120Hz, 고휘도(2000nit+), HDR10+, VRR/ALLM 게이밍","43, 50, 55, 65, 75, 85","audio_channels, audio_output_w",Tizen,Linux(Tizen),Bixby + Alexa,Samsung TV Plus,"Gaming Hub(Xbox·GeForce Now·Amazon Luna, 콘솔 없이 클라우드)",True,med,콘솔 없이 클라우드 게임(Gaming Hub); SmartThings 스마트홈 허브 내장; AirPlay 2·모든 주요 앱 지원
삼성,Neo QLED 4K,2023,flagship,Neo-QLED,Mini-LED,QN95C,4K,144,2000,RTINGS/전문리뷰 실측+동급 근사,mini-led,NQ4 AI Gen2,4.2.2,70,Tizen 7.0,"HDR10+, HLG","VRR, ALLM, 144Hz, FreeSync Premium Pro","HDMI2.1 x4, eARC, WiFi, Bluetooth","Neo-QLED, 144Hz, 고휘도(2000nit+), HDR10+, VRR/ALLM 게이밍",,"audio_channels, audio_output_w",Tizen,Linux(Tizen),Bixby + Alexa,Samsung TV Plus,"Gaming Hub(Xbox·GeForce Now·Amazon Luna, 콘솔 없이 클라우드)",True,med,콘솔 없이 클라우드 게임(Gaming Hub); SmartThings 스마트홈 허브 내장; AirPlay 2·모든 주요 앱 지원
삼성,OLED,2023,flagship,QD-OLED,self-emissive(OLED),S90C,4K,120,1000,골든셋(공식 사이트/뉴스 확인) · 실측 출처 rtings(1000nit),per-pixel,NQ4 AI Gen2,4.2.2,70,Tizen 7.0,"HDR10+, HLG","VRR, ALLM, 144Hz, FreeSync Premium","HDMI2.1 x4, eARC, WiFi, Bluetooth","QD-OLED, 120Hz, HDR10+, VRR/ALLM 게이밍","55, 65, 77, 83","audio_channels, audio_output_w",Tizen,Linux(Tizen),Bixby + Alexa,Samsung TV Plus,"Gaming Hub(Xbox·GeForce Now·Amazon Luna, 콘솔 없이 클라우드)",True,med,콘솔 없이 클라우드 게임(Gaming Hub); SmartThings 스마트홈 허브 내장; AirPlay 2·모든 주요 앱 지원
삼성,OLED,2023,flagship,QD-OLED,self-emissive(OLED),S95C,4K,144,1350,RTINGS/전문리뷰 실측+동급 근사,per-pixel,NQ4 AI Gen2,4.2.2,70,Tizen 7.0,"HDR10+, HLG","VRR, ALLM, 144Hz, FreeSync Premium Pro","HDMI2.1 x4, eARC, WiFi, Bluetooth","QD-OLED, 144Hz, HDR10+, VRR/ALLM 게이밍",,"audio_channels, audio_output_w",Tizen,Linux(Tizen),Bixby + Alexa,Samsung TV Plus,"Gaming Hub(Xbox·GeForce Now·Amazon Luna, 콘솔 없이 클라우드)",True,med,콘솔 없이 클라우드 게임(Gaming Hub); SmartThings 스마트홈 허브 내장; AirPlay 2·모든 주요 앱 지원
Amazon,Fire TV Omni QLED,2025,mid,QLED,FALD,K7Q3MT,4K,60,600,골든셋(공식 사이트/뉴스 확인),full-array,,2.0,20,Fire OS 8,"Dolby Vision IQ, HDR10+ Adaptive, HLG",ALLM,"HDMI2.1 x1, HDMI2.0 x3, eARC, WiFi, Bluetooth","QLED, 60Hz","50, 55, 65, 75","audio_channels, audio_output_w",Fire-TV,Fire OS(Android fork),Alexa(핸즈프리 최강),Amazon Freevee + Fire TV 채널,Amazon Luna(클라우드 게임),False,high,Alexa 핸즈프리 음성 최강; Amazon Luna 클라우드 게임; Prime Video·Amazon 생태계 밀착
Hisense,Hisense E8N Pro Mini LED,2026,high,Mini-LED,Mini-LED,E8NPro,4K,144,3000,골든셋(공식 사이트/뉴스 확인),mini-led,Hi-View,2.2,40,VIDAA U,"Dolby Vision, HDR10+, HLG","VRR, ALLM, 144Hz, Game Mode Pro","HDMI2.1 x2, eARC, WiFi, Bluetooth","Mini-LED, 144Hz, 고휘도(2000nit+), Dolby Vision, VRR/ALLM 게이밍","65, 75, 85, 100","audio_channels, audio_output_w",VIDAA,Linux(VIDAA),VIDAA Voice + Alexa,VIDAA Free(무료 채널),일부 GeForce Now(모델별),True,med,가볍고 빠른 부팅·반응; 저가 Hisense TV에 최적화; AirPlay 2 지원(신모델)
Hisense,ULED E8S RGB,2026,high,Mini-LED,Mini-LED,E8S,4K,165,5000,골든셋(공식 사이트/뉴스 확인),mini-led,信芯,2.2,40,VIDAA U,"Dolby Vision, HDR10+, HLG","VRR, ALLM, 165Hz, Game Mode Pro","HDMI2.1 x2, eARC, WiFi, Bluetooth","Mini-LED, 165Hz, 고휘도(2000nit+), Dolby Vision, VRR/ALLM 게이밍","75, 85, 100","audio_channels, audio_output_w",VIDAA,Linux(VIDAA),VIDAA Voice + Alexa,VIDAA Free(무료 채널),일부 GeForce Now(모델별),True,med,가볍고 빠른 부팅·반응; 저가 Hisense TV에 최적화; AirPlay 2 지원(신모델)
Hisense,Hisense S7 CanvasTV,2026,high,QLED,edge-lit,S7SG,4K,144,600,골든셋(공식 사이트/뉴스 확인),edge-lit,Hi-View,2.2,40,Google TV,"Dolby Vision, HDR10+, HLG","VRR, ALLM, 144Hz, Art Mode","HDMI2.1 x2, HDMI2.0 x2, eARC, WiFi, Bluetooth","QLED, 144Hz, Dolby Vision, VRR/ALLM 게이밍","50, 55, 65, 75, 85","audio_channels, audio_output_w",Google-TV,Android(AOSP),Google Assistant/Gemini,Google TV Freeplay(라이브 탭),GeForce Now 앱(브라우저·앱 기반),False,med,최다 앱(Play Store 1만+); Chromecast 내장 캐스팅; 서비스 교차 개인화 추천(콘텐츠 애그리게이션)
Hisense,ULED U6 2026,2026,mid,Mini-LED,Mini-LED,U6SF,4K,60,600,골든셋(공식 사이트/뉴스 확인),mini-led,Hi-View,2.0,20,Fire TV OS,"Dolby Vision, HDR10+, HLG","VRR, ALLM","HDMI2.0 x3, eARC, WiFi, Bluetooth","Mini-LED, 60Hz, Dolby Vision, VRR/ALLM 게이밍","55, 65, 75, 85, 100","audio_channels, audio_output_w",Fire-TV,Fire OS(Android fork),Alexa(핸즈프리 최강),Amazon Freevee + Fire TV 채널,Amazon Luna(클라우드 게임),False,high,Alexa 핸즈프리 음성 최강; Amazon Luna 클라우드 게임; Prime Video·Amazon 생태계 밀착
Hisense,ULED U7 2026,2026,high,Mini-LED,Mini-LED,U7SG,4K,165,3000,골든셋(공식 사이트/뉴스 확인),mini-led,Hi-View,2.2,40,Google TV,"Dolby Vision, HDR10+, HLG","VRR, ALLM, 165Hz, FreeSync Premium Pro, Game Mode Pro","HDMI2.1 x2, eARC, WiFi, Bluetooth","Mini-LED, 165Hz, 고휘도(2000nit+), Dolby Vision, VRR/ALLM 게이밍","55, 65, 75, 85, 100, 116","audio_channels, audio_output_w, size_variants_in",Google-TV,Android(AOSP),Google Assistant/Gemini,Google TV Freeplay(라이브 탭),GeForce Now 앱(브라우저·앱 기반),False,med,최다 앱(Play Store 1만+); Chromecast 내장 캐스팅; 서비스 교차 개인화 추천(콘텐츠 애그리게이션)
Hisense,ULED UR8 RGB,2026,high,Mini-LED,RGB-Mini-LED,UR8,4K,165,4000,골든셋(공식 사이트/뉴스 확인),mini-led,Hi-View Engine X,2.2,40,Google TV,"Dolby Vision, HDR10+, HLG","VRR, ALLM, 165Hz, FreeSync Premium Pro, Game Mode Pro","HDMI2.1 x2, eARC, WiFi, Bluetooth","Mini-LED, 165Hz, 고휘도(2000nit+), Dolby Vision, VRR/ALLM 게이밍","55, 65, 75, 85, 100","audio_channels, audio_output_w",Google-TV,Android(AOSP),Google Assistant/Gemini,Google TV Freeplay(라이브 탭),GeForce Now 앱(브라우저·앱 기반),False,med,최다 앱(Play Store 1만+); Chromecast 내장 캐스팅; 서비스 교차 개인화 추천(콘텐츠 애그리게이션)
Hisense,ULED UR9 RGB,2026,flagship,Mini-LED,RGB-Mini-LED,UR9,4K,165,5000,골든셋(공식 사이트/뉴스 확인),mini-led,Hi-View Engine X,2.1.2,60,Google TV,"Dolby Vision, HDR10+, HLG","VRR, ALLM, 165Hz, FreeSync Premium Pro, Game Mode Pro","HDMI2.1 x2, eARC, WiFi, Bluetooth","Mini-LED, 165Hz, 고휘도(2000nit+), Dolby Vision, VRR/ALLM 게이밍","65, 75, 85","audio_channels, audio_output_w",Google-TV,Android(AOSP),Google Assistant/Gemini,Google TV Freeplay(라이브 탭),GeForce Now 앱(브라우저·앱 기반),False,med,최다 앱(Play Store 1만+); Chromecast 내장 캐스팅; 서비스 교차 개인화 추천(콘텐츠 애그리게이션)
Hisense,ULED X UX 2026 RGB,2026,flagship,Mini-LED,RGB-Mini-LED,UX26,4K,180,10000,골든셋(공식 사이트/뉴스 확인),mini-led,信芯 H7 Pro,2.1.2,60,VIDAA U,"Dolby Vision, HDR10+, HLG","VRR, ALLM, 180Hz, Game Mode Pro","HDMI2.1 x2, eARC, WiFi, Bluetooth","Mini-LED, 180Hz, 고휘도(2000nit+), Dolby Vision, VRR/ALLM 게이밍","85, 100, 116","audio_channels, audio_output_w, size_variants_in",VIDAA,Linux(VIDAA),VIDAA Voice + Alexa,VIDAA Free(무료 채널),일부 GeForce Now(모델별),True,med,가볍고 빠른 부팅·반응; 저가 Hisense TV에 최적화; AirPlay 2 지원(신모델)
Hisense,Hisense E8Q Pro Mini LED,2025,flagship,Mini-LED,Mini-LED,E8QPro,4K,165,3000,골든셋(공식 사이트/뉴스 확인),mini-led,Hi-View H7,2.1.2,60,VIDAA U,"Dolby Vision, HDR10+, HLG","VRR, ALLM, 165Hz, 330Hz","HDMI2.1 x4, eARC, WiFi, Bluetooth","Mini-LED, 165Hz, 고휘도(2000nit+), Dolby Vision, VRR/ALLM 게이밍","75, 85, 100","audio_channels, audio_output_w",VIDAA,Linux(VIDAA),VIDAA Voice + Alexa,VIDAA Free(무료 채널),일부 GeForce Now(모델별),True,med,가볍고 빠른 부팅·반응; 저가 Hisense TV에 최적화; AirPlay 2 지원(신모델)
Hisense,Hisense E8S Pro RGB Mini LED,2025,flagship,Mini-LED,RGB-Mini-LED,E8SPro,4K,165,6200,골든셋(공식 사이트/뉴스 확인),mini-led,Hi-View H7,2.1.2,60,VIDAA U,"Dolby Vision, HDR10+, HLG","VRR, ALLM, 165Hz, 330Hz","HDMI2.1 x4, eARC, WiFi, Bluetooth","Mini-LED, 165Hz, 고휘도(2000nit+), Dolby Vision, VRR/ALLM 게이밍","75, 85, 100","audio_channels, audio_output_w",VIDAA,Linux(VIDAA),VIDAA Voice + Alexa,VIDAA Free(무료 채널),일부 GeForce Now(모델별),True,med,가볍고 빠른 부팅·반응; 저가 Hisense TV에 최적화; AirPlay 2 지원(신모델)
Hisense,QD6 Hi-QLED,2025,entry,QLED,edge-lit,QD6QF,4K,60,300,골든셋(공식 사이트/뉴스 확인),none,Hi-View,2.0,20,Fire TV OS,"Dolby Vision, HDR10, HDR10+, HLG",ALLM,"HDMI2.0 x4, eARC, WiFi, Bluetooth","QLED, 60Hz, Dolby Vision","43, 50, 55, 65, 75, 85, 100","audio_channels, audio_output_w",Fire-TV,Fire OS(Android fork),Alexa(핸즈프리 최강),Amazon Freevee + Fire TV 채널,Amazon Luna(클라우드 게임),False,high,Alexa 핸즈프리 음성 최강; Amazon Luna 클라우드 게임; Prime Video·Amazon 생태계 밀착
Hisense,ULED U6QG,2025,mid,Mini-LED,Mini-LED,U6Q,4K,144,1000,RTINGS/전문리뷰 실측+동급 근사 · 실측 출처 reviews(1000nit),mini-led,Hi-View AI Engine,2.0,20,VIDAA U,"Dolby Vision, HDR10+, HLG","VRR, ALLM, 144Hz, FreeSync Premium Pro, Game Mode Pro","HDMI2.1 x2, eARC, WiFi, Bluetooth","Mini-LED, 144Hz, Dolby Vision, VRR/ALLM 게이밍","55, 65, 75, 85, 100","audio_channels, audio_output_w, size_variants_in",VIDAA,Linux(VIDAA),VIDAA Voice + Alexa,VIDAA Free(무료 채널),일부 GeForce Now(모델별),True,med,가볍고 빠른 부팅·반응; 저가 Hisense TV에 최적화; AirPlay 2 지원(신모델)
Hisense,ULED U7QG,2025,high,Mini-LED,Mini-LED,U7Q,4K,165,2000,RTINGS/전문리뷰 실측+동급 근사 · 실측 출처 reviews(3000nit),mini-led,Hi-View AI Engine,2.2,40,VIDAA U,"Dolby Vision, HDR10+, HLG","VRR, ALLM, 165Hz, FreeSync Premium Pro, Game Mode Pro","HDMI2.1 x2, eARC, WiFi, Bluetooth","Mini-LED, 165Hz, 고휘도(2000nit+), Dolby Vision, VRR/ALLM 게이밍","55, 65, 75, 85, 100","audio_channels, audio_output_w",VIDAA,Linux(VIDAA),VIDAA Voice + Alexa,VIDAA Free(무료 채널),일부 GeForce Now(모델별),True,med,가볍고 빠른 부팅·반응; 저가 Hisense TV에 최적화; AirPlay 2 지원(신모델)
Hisense,ULED U8QG,2025,flagship,Mini-LED,Mini-LED,U8Q,4K,165,3200,RTINGS/전문리뷰 실측+동급 근사 · 실측 출처 rtings(4300nit),mini-led,Hi-View AI Engine X,4.1.2,60,VIDAA U,"Dolby Vision, HDR10+, HLG","VRR, ALLM, 165Hz, FreeSync Premium Pro, Game Mode Pro","HDMI2.1 x2, eARC, WiFi, Bluetooth","Mini-LED, 165Hz, 고휘도(2000nit+), Dolby Vision, VRR/ALLM 게이밍","55, 65, 75, 85, 100","audio_channels, audio_output_w",VIDAA,Linux(VIDAA),VIDAA Voice + Alexa,VIDAA Free(무료 채널),일부 GeForce Now(모델별),True,med,가볍고 빠른 부팅·반응; 저가 Hisense TV에 최적화; AirPlay 2 지원(신모델)
Hisense,ULED UX RGB,2025,flagship,Mini-LED,Mini-LED,UX,4K,165,6000,골든셋(공식 사이트/뉴스 확인),mini-led,Hi-View AI Engine X,2.1.2,60,Google TV,"Dolby Vision, HDR10+, HLG","VRR, ALLM, 165Hz, FreeSync Premium Pro, Game Mode Pro","HDMI2.1 x2, eARC, WiFi, Bluetooth","Mini-LED, 165Hz, 고휘도(2000nit+), Dolby Vision, VRR/ALLM 게이밍","100, 116","audio_channels, audio_output_w",Google-TV,Android(AOSP),Google Assistant/Gemini,Google TV Freeplay(라이브 탭),GeForce Now 앱(브라우저·앱 기반),False,med,최다 앱(Play Store 1만+); Chromecast 내장 캐스팅; 서비스 교차 개인화 추천(콘텐츠 애그리게이션)
Hisense,ULED U6N,2024,mid,Mini-LED,Mini-LED,U6N,4K,60,600,RTINGS/전문리뷰 실측+동급 근사,mini-led,Hi-View,2.0,20,VIDAA U,"Dolby Vision, HDR10+, HLG","VRR, ALLM","HDMI2.0 x3, eARC, WiFi, Bluetooth","Mini-LED, 60Hz, Dolby Vision","50, 55, 65, 75, 85","audio_channels, audio_output_w, size_variants_in",VIDAA,Linux(VIDAA),VIDAA Voice + Alexa,VIDAA Free(무료 채널),일부 GeForce Now(모델별),True,med,가볍고 빠른 부팅·반응; 저가 Hisense TV에 최적화; AirPlay 2 지원(신모델)
Hisense,ULED U7N,2024,high,Mini-LED,Mini-LED,U7N,4K,144,1500,RTINGS/전문리뷰 실측+동급 근사 · 실측 출처 rtings(1130nit),mini-led,Hi-View Engine,2.2,40,VIDAA U,"Dolby Vision, HDR10+, HLG","VRR, ALLM, 144Hz, FreeSync Premium Pro, Game Mode Pro","HDMI2.1 x2, eARC, WiFi, Bluetooth","Mini-LED, 144Hz, Dolby Vision, VRR/ALLM 게이밍","55, 65, 75, 85, 100","audio_channels, audio_output_w, size_variants_in",VIDAA,Linux(VIDAA),VIDAA Voice + Alexa,VIDAA Free(무료 채널),일부 GeForce Now(모델별),True,med,가볍고 빠른 부팅·반응; 저가 Hisense TV에 최적화; AirPlay 2 지원(신모델)
Hisense,ULED U8N,2024,flagship,Mini-LED,Mini-LED,U8N,4K,144,2600,RTINGS/전문리뷰 실측+동급 근사 · 실측 출처 avforums(2629nit),mini-led,Hi-View Engine,2.1.2,60,VIDAA U,"Dolby Vision, HDR10+, HLG","VRR, ALLM, 144Hz, FreeSync Premium Pro, Game Mode Pro","HDMI2.1 x2, eARC, WiFi, Bluetooth","Mini-LED, 144Hz, 고휘도(2000nit+), Dolby Vision, VRR/ALLM 게이밍","55, 65, 75, 85, 100","audio_channels, audio_output_w",VIDAA,Linux(VIDAA),VIDAA Voice + Alexa,VIDAA Free(무료 채널),일부 GeForce Now(모델별),True,med,가볍고 빠른 부팅·반응; 저가 Hisense TV에 최적화; AirPlay 2 지원(신모델)
Hisense,ULED U9N,2024,flagship,Mini-LED,Mini-LED,U9N,4K,144,5000,골든셋(공식 사이트/뉴스 확인),mini-led,Hi-View Engine X,2.1.2,60,Google TV,"Dolby Vision, HDR10+, HLG","VRR, ALLM, 144Hz, FreeSync Premium Pro, Game Mode Pro","HDMI2.1 x2, eARC, WiFi, Bluetooth","Mini-LED, 144Hz, 고휘도(2000nit+), Dolby Vision, VRR/ALLM 게이밍","75, 85","audio_channels, audio_output_w",Google-TV,Android(AOSP),Google Assistant/Gemini,Google TV Freeplay(라이브 탭),GeForce Now 앱(브라우저·앱 기반),False,med,최다 앱(Play Store 1만+); Chromecast 내장 캐스팅; 서비스 교차 개인화 추천(콘텐츠 애그리게이션)
Hisense,ULED U6K,2023,mid,Mini-LED,Mini-LED,U6K,4K,60,600,골든셋(공식 사이트/뉴스 확인),mini-led,Hi-View,2.0,20,Google TV,"Dolby Vision, HDR10+, HLG","VRR, ALLM","HDMI2.0 x3, eARC, WiFi, Bluetooth","Mini-LED, 60Hz, Dolby Vision, VRR/ALLM 게이밍","50, 55, 65, 75, 85","audio_channels, audio_output_w",Google-TV,Android(AOSP),Google Assistant/Gemini,Google TV Freeplay(라이브 탭),GeForce Now 앱(브라우저·앱 기반),False,med,최다 앱(Play Store 1만+); Chromecast 내장 캐스팅; 서비스 교차 개인화 추천(콘텐츠 애그리게이션)
Hisense,ULED U7K,2023,high,Mini-LED,Mini-LED,U7K,4K,144,1000,골든셋(공식 사이트/뉴스 확인),mini-led,Hi-View,2.2,40,Google TV,"Dolby Vision, HDR10+, HLG","VRR, ALLM, 144Hz, FreeSync Premium Pro, Game Mode Pro","HDMI2.1 x2, eARC, WiFi, Bluetooth","Mini-LED, 144Hz, Dolby Vision, VRR/ALLM 게이밍","55, 65, 75, 85","audio_channels, audio_output_w",Google-TV,Android(AOSP),Google Assistant/Gemini,Google TV Freeplay(라이브 탭),GeForce Now 앱(브라우저·앱 기반),False,med,최다 앱(Play Store 1만+); Chromecast 내장 캐스팅; 서비스 교차 개인화 추천(콘텐츠 애그리게이션)
Hisense,ULED U8K,2023,flagship,Mini-LED,Mini-LED,U8K,4K,144,1500,RTINGS/전문리뷰 실측+동급 근사,mini-led,Hi-View Engine,2.1.2,60,VIDAA U,"Dolby Vision, HDR10+, HLG","VRR, ALLM, 144Hz, FreeSync Premium Pro, Game Mode Pro","HDMI2.1 x2, eARC, WiFi, Bluetooth","Mini-LED, 144Hz, Dolby Vision, VRR/ALLM 게이밍",,"audio_channels, audio_output_w",VIDAA,Linux(VIDAA),VIDAA Voice + Alexa,VIDAA Free(무료 채널),일부 GeForce Now(모델별),True,med,가볍고 빠른 부팅·반응; 저가 Hisense TV에 최적화; AirPlay 2 지원(신모델)
Huawei,华为智慧屏V6,2026,flagship,Mini-LED,Mini-LED,V6,4K,144,2100,골든셋(공식 사이트/뉴스 확인),mini-led,Honghu,2.1.2,60,HarmonyOS 4,"Dolby Vision, HDR10+, HLG","VRR, ALLM, 144Hz","HDMI2.1 x2, eARC, WiFi, Bluetooth","Mini-LED, 144Hz, 고휘도(2000nit+), Dolby Vision, VRR/ALLM 게이밍","75, 85, 98","audio_channels, audio_output_w",HarmonyOS,HarmonyOS(분산형),Celia(小艺),Huawei Video 채널,Huawei Cloud Gaming(중국),False,low,Huawei 기기 간 멀티스크린 협업·끊김없는 연동; 스마트 카메라·화상통화; 분산형 OS로 IoT 연동 강점
Huawei,Vision Smart Screen 6,2026,flagship,Mini-LED,Mini-LED,Vision6,4K,144,2000,골든셋(공식 사이트/뉴스 확인),mini-led,Honghu,2.1.2,60,HarmonyOS 4,"HDR10, HLG","VRR, ALLM, 288Hz","HDMI2.1 x3, eARC, WiFi, Bluetooth","Mini-LED, 144Hz, 고휘도(2000nit+), VRR/ALLM 게이밍","65, 75, 85, 98","audio_channels, audio_output_w",HarmonyOS,HarmonyOS(분산형),Celia(小艺),Huawei Video 채널,Huawei Cloud Gaming(중국),False,low,Huawei 기기 간 멀티스크린 협업·끊김없는 연동; 스마트 카메라·화상통화; 분산형 OS로 IoT 연동 강점
Huawei,华为Vision智慧屏6 Pro,2026,flagship,Mini-LED,Mini-LED,Vision6Pro,4K,288,2000,골든셋(공식 사이트/뉴스 확인),mini-led,Honghu,2.1.2,60,HarmonyOS 4,"Dolby Vision, HDR10+, HLG","VRR, ALLM, 144Hz, 288Hz","HDMI2.1 x4, eARC, WiFi, Bluetooth","Mini-LED, 288Hz, 고휘도(2000nit+), Dolby Vision, VRR/ALLM 게이밍","65, 75, 85","audio_channels, audio_output_w",HarmonyOS,HarmonyOS(분산형),Celia(小艺),Huawei Video 채널,Huawei Cloud Gaming(중국),False,low,Huawei 기기 간 멀티스크린 협업·끊김없는 연동; 스마트 카메라·화상통화; 분산형 OS로 IoT 연동 강점
Huawei,Vision Smart Screen 6 SE,2026,high,Mini-LED,Mini-LED,Vision6SE,4K,240,1000,골든셋(공식 사이트/뉴스 확인),mini-led,Honghu,2.2,40,HarmonyOS 4,"HDR10, HLG","VRR, ALLM, 288Hz","HDMI2.1 x2, eARC, WiFi, Bluetooth","Mini-LED, 240Hz, VRR/ALLM 게이밍","55, 65, 75, 85","audio_channels, audio_output_w, size_variants_in",HarmonyOS,HarmonyOS(분산형),Celia(小艺),Huawei Video 채널,Huawei Cloud Gaming(중국),False,low,Huawei 기기 간 멀티스크린 협업·끊김없는 연동; 스마트 카메라·화상통화; 분산형 OS로 IoT 연동 강점
Huawei,智慧屏 V5 Max 110,2025,flagship,Mini-LED,Mini-LED,V5Max,4K,120,5000,골든셋(공식 사이트/뉴스 확인),mini-led,鸿鹄,2.1.2,60,HarmonyOS 4,"HDR10, HLG","VRR, ALLM, 120Hz","HDMI2.1 x1, HDMI2.0 x2, eARC, WiFi, Bluetooth","Mini-LED, 120Hz, 고휘도(2000nit+), VRR/ALLM 게이밍",110,"audio_channels, audio_output_w",HarmonyOS,HarmonyOS(분산형),Celia(小艺),Huawei Video 채널,Huawei Cloud Gaming(중국),False,low,Huawei 기기 간 멀티스크린 협업·끊김없는 연동; 스마트 카메라·화상통화; 분산형 OS로 IoT 연동 강점
Huawei,Vision Smart Screen 5,2025,mid,Mini-LED,Mini-LED,Vision5,4K,120,1000,골든셋(공식 사이트/뉴스 확인),mini-led,Honghu 818,2.0,20,HarmonyOS 4,"HDR10, HLG","VRR, ALLM, 120Hz","HDMI2.1 x2, eARC, WiFi, Bluetooth","Mini-LED, 120Hz, VRR/ALLM 게이밍","55, 65, 75, 85","audio_channels, audio_output_w, size_variants_in",HarmonyOS,HarmonyOS(분산형),Celia(小艺),Huawei Video 채널,Huawei Cloud Gaming(중국),False,low,Huawei 기기 간 멀티스크린 협업·끊김없는 연동; 스마트 카메라·화상통화; 분산형 OS로 IoT 연동 강점
Huawei,Vision Smart Screen 5 SE,2025,high,Mini-LED,Mini-LED,VisionSE,4K,240,1000,골든셋(공식 사이트/뉴스 확인),mini-led,Honghu,2.0,20,HarmonyOS 4,"HDR10, HLG","VRR, ALLM, 240Hz","HDMI2.1 x2, eARC, WiFi, Bluetooth","LED-LCD, 60Hz","55, 65, 75","audio_channels, audio_output_w",HarmonyOS,HarmonyOS(분산형),Celia(小艺),Huawei Video 채널,Huawei Cloud Gaming(중국),False,low,Huawei 기기 간 멀티스크린 협업·끊김없는 연동; 스마트 카메라·화상통화; 분산형 OS로 IoT 연동 강점
Huawei,Vision Smart Screen V5 Pro,2025,flagship,Mini-LED,Mini-LED,VisionX,4K,120,1600,골든셋(공식 사이트/뉴스 확인),mini-led,Honghu 900,2.2,40,HarmonyOS 4,"HDR10, HLG","VRR, ALLM, 120Hz","HDMI2.1 x2, eARC, WiFi, Bluetooth","Mini-LED, 144Hz, VRR/ALLM 게이밍","65, 75, 85, 98","audio_channels, audio_output_w, size_variants_in",HarmonyOS,HarmonyOS(분산형),Celia(小艺),Huawei Video 채널,Huawei Cloud Gaming(중국),False,low,Huawei 기기 간 멀티스크린 협업·끊김없는 연동; 스마트 카메라·화상통화; 분산형 OS로 IoT 연동 강점
Huawei,智慧屏 V5 Pro,2023,flagship,Mini-LED,Mini-LED,V5Pro,4K,120,2000,골든셋(공식 사이트/뉴스 확인),mini-led,鸿鹄,2.1.2,60,HarmonyOS 4,"HDR10, HLG","VRR, ALLM, 120Hz","HDMI2.1 x2, eARC, WiFi, Bluetooth","Mini-LED, 120Hz, 고휘도(2000nit+), VRR/ALLM 게이밍","85, 98","audio_channels, audio_output_w",HarmonyOS,HarmonyOS(분산형),Celia(小艺),Huawei Video 채널,Huawei Cloud Gaming(중국),False,low,Huawei 기기 간 멀티스크린 협업·끊김없는 연동; 스마트 카메라·화상통화; 분산형 OS로 IoT 연동 강점
LG,OLED B6,2026,mid,WOLED,self-emissive(OLED),B6,4K,120,835,골든셋(공식 사이트/뉴스 확인) · 실측 출처 techradar(835nit),per-pixel,α8 AI Gen3,2.0,20,webOS 26,"Dolby Vision, HDR10, HLG","VRR, ALLM, 120Hz, G-Sync, FreeSync, Dolby Vision Gaming","HDMI2.1 x4, eARC, WiFi, Bluetooth","WOLED, Dolby Vision","48, 55, 65, 77, 83","audio_channels, audio_output_w",webOS,Linux(webOS),ThinQ + Google Assistant/Alexa(내장 마이크),LG Channels,Gaming Portal(GeForce Now·Xbox Cloud·Luna),True,med,Magic Remote 포인터·직관 UX; AirPlay 2 + HomeKit 동시지원; Gaming Portal 클라우드 게임
LG,OLED evo C6,2026,high,WOLED,self-emissive(OLED),C6,4K,144,1438,골든셋(공식 사이트/뉴스 확인) · 실측 출처 techradar(1438nit),per-pixel,α11 AI Gen2,2.2,40,webOS 26,"Dolby Vision, HDR10, HLG","VRR, ALLM, 144Hz, G-Sync, FreeSync, Dolby Vision Gaming","HDMI2.1 x4, eARC, WiFi, Bluetooth","WOLED, Dolby Vision","42, 48, 55, 65, 77, 83","audio_channels, audio_output_w",webOS,Linux(webOS),ThinQ + Google Assistant/Alexa(내장 마이크),LG Channels,Gaming Portal(GeForce Now·Xbox Cloud·Luna),True,med,Magic Remote 포인터·직관 UX; AirPlay 2 + HomeKit 동시지원; Gaming Portal 클라우드 게임
LG,OLED evo G6,2026,flagship,WOLED,self-emissive(OLED),G6,4K,165,2481,골든셋(공식 사이트/뉴스 확인) · 실측 출처 flatpanelshd(2481nit),per-pixel,α11 AI Gen2,4.2,60,webOS 26,"Dolby Vision, HDR10, HLG","VRR, ALLM, 165Hz, G-Sync, FreeSync, Dolby Vision Gaming","HDMI2.1 x4, eARC, WiFi, Bluetooth","WOLED, Dolby Vision","55, 65, 77, 83, 97","audio_channels, audio_output_w",webOS,Linux(webOS),ThinQ + Google Assistant/Alexa(내장 마이크),LG Channels,Gaming Portal(GeForce Now·Xbox Cloud·Luna),True,med,Magic Remote 포인터·직관 UX; AirPlay 2 + HomeKit 동시지원; Gaming Portal 클라우드 게임
LG,QNED QNED73,2026,entry,Mini-LED,Mini-LED,QNED73B,4K,60,500,골든셋(공식 사이트/뉴스 확인),mini-led,α7 AI Gen3,2.0,20,webOS 26,"HDR10, HLG","ALLM, VRR","HDMI2.0 x3, eARC, WiFi, Bluetooth","Mini-LED, 60Hz, VRR/ALLM 게이밍","50, 55, 65, 75, 86","audio_channels, audio_output_w, size_variants_in",webOS,Linux(webOS),ThinQ + Google Assistant/Alexa(내장 마이크),LG Channels,Gaming Portal(GeForce Now·Xbox Cloud·Luna),True,med,Magic Remote 포인터·직관 UX; AirPlay 2 + HomeKit 동시지원; Gaming Portal 클라우드 게임
LG,QNED evo QNED80,2026,mid,Mini-LED,Mini-LED,QNED80B,4K,120,700,골든셋(공식 사이트/뉴스 확인),mini-led,α7 AI Gen3,2.0,20,webOS 26,"Dolby Vision, HDR10, HLG","VRR, ALLM, 120Hz, FreeSync","HDMI2.1 x2, eARC, WiFi, Bluetooth","Mini-LED, 120Hz, Dolby Vision, VRR/ALLM 게이밍","50, 55, 65, 75, 85","audio_channels, audio_output_w, size_variants_in",webOS,Linux(webOS),ThinQ + Google Assistant/Alexa(내장 마이크),LG Channels,Gaming Portal(GeForce Now·Xbox Cloud·Luna),True,med,Magic Remote 포인터·직관 UX; AirPlay 2 + HomeKit 동시지원; Gaming Portal 클라우드 게임
LG,QNED evo QNED84,2026,mid,Mini-LED,Mini-LED,QNED84B,4K,120,900,골든셋(공식 사이트/뉴스 확인),mini-led,α8 AI Gen3,2.0,20,webOS 26,"Dolby Vision, HDR10, HLG","VRR, ALLM, 120Hz, FreeSync","HDMI2.1 x2, eARC, WiFi, Bluetooth","Mini-LED, 120Hz, Dolby Vision, VRR/ALLM 게이밍","50, 55, 65, 75, 86, 100","audio_channels, audio_output_w, size_variants_in",webOS,Linux(webOS),ThinQ + Google Assistant/Alexa(내장 마이크),LG Channels,Gaming Portal(GeForce Now·Xbox Cloud·Luna),True,med,Magic Remote 포인터·직관 UX; AirPlay 2 + HomeKit 동시지원; Gaming Portal 클라우드 게임
LG,QNED evo QNED85,2026,high,Mini-LED,Mini-LED,QNED85B,4K,120,1000,골든셋(공식 사이트/뉴스 확인),mini-led,α8 AI Gen3,2.2,40,webOS 26,"Dolby Vision, HDR10, HLG","VRR, ALLM, 120Hz, FreeSync","HDMI2.1 x4, eARC, WiFi, Bluetooth","Mini-LED, 120Hz, Dolby Vision, VRR/ALLM 게이밍","65, 75, 86, 100","audio_channels, audio_output_w",webOS,Linux(webOS),ThinQ + Google Assistant/Alexa(내장 마이크),LG Channels,Gaming Portal(GeForce Now·Xbox Cloud·Luna),True,med,Magic Remote 포인터·직관 UX; AirPlay 2 + HomeKit 동시지원; Gaming Portal 클라우드 게임
LG,QNED evo QNED92,2026,flagship,Mini-LED,Mini-LED,QNED92,4K,144,1500,골든셋(공식 사이트/뉴스 확인),mini-led,α8 AI Gen3,2.2,40,webOS 26,"Dolby Vision, HDR10, HLG","VRR, ALLM, 144Hz, FreeSync","HDMI2.1 x4, eARC, WiFi, Bluetooth","Mini-LED, 144Hz, Dolby Vision, VRR/ALLM 게이밍","65, 75, 85, 100, 115","audio_channels, audio_output_w, size_variants_in",webOS,Linux(webOS),ThinQ + Google Assistant/Alexa(내장 마이크),LG Channels,Gaming Portal(GeForce Now·Xbox Cloud·Luna),True,med,Magic Remote 포인터·직관 UX; AirPlay 2 + HomeKit 동시지원; Gaming Portal 클라우드 게임
LG,OLED evo W6 Wallpaper,2026,flagship,WOLED,self-emissive(OLED),W6,4K,165,2600,골든셋(공식 사이트/뉴스 확인),per-pixel,α11 AI Gen3,4.2,60,webOS 26,"Dolby Vision, HDR10, HLG","VRR, ALLM, 165Hz, G-Sync, FreeSync, Dolby Vision Gaming","HDMI2.1 x4, eARC, WiFi, Bluetooth","WOLED, 165Hz, 고휘도(2000nit+), Dolby Vision, VRR/ALLM 게이밍","77, 83","audio_channels, audio_output_w",webOS,Linux(webOS),ThinQ + Google Assistant/Alexa(내장 마이크),LG Channels,Gaming Portal(GeForce Now·Xbox Cloud·Luna),True,med,Magic Remote 포인터·직관 UX; AirPlay 2 + HomeKit 동시지원; Gaming Portal 클라우드 게임
LG,OLED B5,2025,mid,WOLED,self-emissive(OLED),B5,4K,120,700,RTINGS/전문리뷰 실측+동급 근사 · 실측 출처 techradar(688nit),per-pixel,α8 AI Gen2,2.0,20,webOS 25,"Dolby Vision, HDR10, HLG","VRR, ALLM, 120Hz, G-Sync, FreeSync, Dolby Vision Gaming","HDMI2.1 x2, eARC, WiFi, Bluetooth","WOLED, 120Hz, Dolby Vision, VRR/ALLM 게이밍","48, 55, 65, 77, 83","audio_channels, audio_output_w",webOS,Linux(webOS),ThinQ + Google Assistant/Alexa(내장 마이크),LG Channels,Gaming Portal(GeForce Now·Xbox Cloud·Luna),True,med,Magic Remote 포인터·직관 UX; AirPlay 2 + HomeKit 동시지원; Gaming Portal 클라우드 게임
LG,OLED evo C5,2025,high,WOLED,self-emissive(OLED),C5,4K,144,1180,RTINGS/전문리뷰 실측+동급 근사 · 실측 출처 flatpanelshd(1075nit),per-pixel,α9 Gen8,2.2,40,webOS 25,"Dolby Vision, HDR10, HLG","VRR, ALLM, 144Hz, G-Sync, FreeSync, Dolby Vision Gaming","HDMI2.1 x4, eARC, WiFi, Bluetooth","WOLED, 144Hz, Dolby Vision, VRR/ALLM 게이밍","42, 48, 55, 65, 77, 83","audio_channels, audio_output_w",webOS,Linux(webOS),ThinQ + Google Assistant/Alexa(내장 마이크),LG Channels,Gaming Portal(GeForce Now·Xbox Cloud·Luna),True,med,Magic Remote 포인터·직관 UX; AirPlay 2 + HomeKit 동시지원; Gaming Portal 클라우드 게임
LG,OLED evo G5,2025,flagship,WOLED,self-emissive(OLED),G5,4K,165,2295,RTINGS/전문리뷰 실측+동급 근사 · 실측 출처 avforums(2272nit),per-pixel,α11 AI Gen2,4.2,60,webOS 25,"Dolby Vision, HDR10, HLG","VRR, ALLM, 165Hz, G-Sync, FreeSync, Dolby Vision Gaming","HDMI2.1 x4, eARC, WiFi, Bluetooth","WOLED, 165Hz, 고휘도(2000nit+), Dolby Vision, VRR/ALLM 게이밍","55, 65, 77, 83, 97","audio_channels, audio_output_w",webOS,Linux(webOS),ThinQ + Google Assistant/Alexa(내장 마이크),LG Channels,Gaming Portal(GeForce Now·Xbox Cloud·Luna),True,med,Magic Remote 포인터·직관 UX; AirPlay 2 + HomeKit 동시지원; Gaming Portal 클라우드 게임
LG,OLED evo M5,2025,flagship,WOLED,self-emissive(OLED),M5,4K,144,2200,골든셋(공식 사이트/뉴스 확인) · 실측 출처 rtings(2500nit),per-pixel,α11 AI Gen2,4.2,60,webOS 25,"Dolby Vision, HDR10, HLG","VRR, ALLM, 144Hz, G-Sync, FreeSync, Dolby Vision Gaming","HDMI2.1 x4, eARC, WiFi, Bluetooth","WOLED, 144Hz, 고휘도(2000nit+), Dolby Vision, VRR/ALLM 게이밍","65, 77, 83, 97","audio_channels, audio_output_w",webOS,Linux(webOS),ThinQ + Google Assistant/Alexa(내장 마이크),LG Channels,Gaming Portal(GeForce Now·Xbox Cloud·Luna),True,med,Magic Remote 포인터·직관 UX; AirPlay 2 + HomeKit 동시지원; Gaming Portal 클라우드 게임
LG,QNED70A,2025,entry,LED-LCD,direct-LED,QNED70A,4K,60,400,골든셋(공식 사이트/뉴스 확인),none,α7 AI Gen8,2.0,20,webOS 25,"HDR10, HLG","ALLM, VRR","HDMI2.0 x3, eARC, WiFi, Bluetooth","LED-LCD, 60Hz, VRR/ALLM 게이밍","43, 50, 55, 65, 75, 86","audio_channels, audio_output_w, size_variants_in",webOS,Linux(webOS),ThinQ + Google Assistant/Alexa(내장 마이크),LG Channels,Gaming Portal(GeForce Now·Xbox Cloud·Luna),True,med,Magic Remote 포인터·직관 UX; AirPlay 2 + HomeKit 동시지원; Gaming Portal 클라우드 게임
LG,QNED80A,2025,mid,LED-LCD,edge-lit,QNED80A,4K,60,400,골든셋(공식 사이트/뉴스 확인),edge-lit,α7 AI Gen6,2.0,20,webOS 25,"Dolby Vision, HDR10, HLG","ALLM, VRR","HDMI2.0 x4, eARC, WiFi, Bluetooth","LED-LCD, 60Hz, Dolby Vision, VRR/ALLM 게이밍","50, 55, 65, 75, 86","audio_channels, audio_output_w, size_variants_in",webOS,Linux(webOS),ThinQ + Google Assistant/Alexa(내장 마이크),LG Channels,Gaming Portal(GeForce Now·Xbox Cloud·Luna),True,med,Magic Remote 포인터·직관 UX; AirPlay 2 + HomeKit 동시지원; Gaming Portal 클라우드 게임
LG,QNED82A,2025,mid,LED-LCD,edge-lit,QNED82A,4K,120,700,골든셋(공식 사이트/뉴스 확인),edge-lit,α8 AI Gen2,2.0,20,webOS 25,"Dolby Vision, HDR10, HLG","VRR, ALLM, 120Hz, FreeSync","HDMI2.1 x2, eARC, WiFi, Bluetooth","LED-LCD, 120Hz, Dolby Vision, VRR/ALLM 게이밍","43, 50, 55, 65, 75, 86","audio_channels, audio_output_w, size_variants_in",webOS,Linux(webOS),ThinQ + Google Assistant/Alexa(내장 마이크),LG Channels,Gaming Portal(GeForce Now·Xbox Cloud·Luna),True,med,Magic Remote 포인터·직관 UX; AirPlay 2 + HomeKit 동시지원; Gaming Portal 클라우드 게임
LG,QNED evo QNED85A,2025,high,Mini-LED,Mini-LED,QNED85A,4K,120,700,골든셋(공식 사이트/뉴스 확인),mini-led,α8 AI Gen2,2.2,40,webOS 25,"Dolby Vision, HDR10, HLG","VRR, ALLM, 120Hz, FreeSync","HDMI2.1 x4, eARC, WiFi, Bluetooth","Mini-LED, 120Hz, Dolby Vision, VRR/ALLM 게이밍","50, 55, 65, 75, 86, 100","audio_channels, audio_output_w",webOS,Linux(webOS),ThinQ + Google Assistant/Alexa(내장 마이크),LG Channels,Gaming Portal(GeForce Now·Xbox Cloud·Luna),True,med,Magic Remote 포인터·직관 UX; AirPlay 2 + HomeKit 동시지원; Gaming Portal 클라우드 게임
LG,QNED evo QNED90A,2025,high,Mini-LED,Mini-LED,QNED90A,4K,120,800,골든셋(공식 사이트/뉴스 확인),mini-led,α8 AI Gen2,2.2,40,webOS 25,"Dolby Vision, HDR10, HLG","VRR, ALLM, 120Hz, FreeSync","HDMI2.1 x4, eARC, WiFi, Bluetooth","Mini-LED, 120Hz, Dolby Vision, VRR/ALLM 게이밍","55, 65, 75, 86","audio_channels, audio_output_w",webOS,Linux(webOS),ThinQ + Google Assistant/Alexa(내장 마이크),LG Channels,Gaming Portal(GeForce Now·Xbox Cloud·Luna),True,med,Magic Remote 포인터·직관 UX; AirPlay 2 + HomeKit 동시지원; Gaming Portal 클라우드 게임
LG,QNED evo QNED92A,2025,flagship,Mini-LED,Mini-LED,QNED92A,4K,144,1520,골든셋(공식 사이트/뉴스 확인) · 실측 출처 reviews(1450nit),mini-led,α8 AI Gen2,2.2,40,webOS 25,"Dolby Vision, HDR10, HLG","VRR, ALLM, 144Hz, G-Sync, FreeSync","HDMI2.1 x4, eARC, WiFi, Bluetooth","Mini-LED, 144Hz, Dolby Vision, VRR/ALLM 게이밍","65, 75, 85, 97","audio_channels, audio_output_w, size_variants_in",webOS,Linux(webOS),ThinQ + Google Assistant/Alexa(내장 마이크),LG Channels,Gaming Portal(GeForce Now·Xbox Cloud·Luna),True,med,Magic Remote 포인터·직관 UX; AirPlay 2 + HomeKit 동시지원; Gaming Portal 클라우드 게임
LG,QNED evo,2025,high,Mini-LED,Mini-LED,QNED9M,4K,144,1500,RTINGS/전문리뷰 실측+동급 근사 · 실측 출처 reviews(1400nit),mini-led,α8 AI Gen2,2.2,40,webOS 25,"Dolby Vision, HDR10, HLG","VRR, ALLM, 144Hz, G-Sync, FreeSync, Dolby Vision Gaming","HDMI2.1 x2, eARC, WiFi, Bluetooth","Mini-LED, 144Hz, Dolby Vision, VRR/ALLM 게이밍","65, 75, 86","audio_channels, audio_output_w",webOS,Linux(webOS),ThinQ + Google Assistant/Alexa(내장 마이크),LG Channels,Gaming Portal(GeForce Now·Xbox Cloud·Luna),True,med,Magic Remote 포인터·직관 UX; AirPlay 2 + HomeKit 동시지원; Gaming Portal 클라우드 게임
LG,UHD UA77,2025,entry,LED-LCD,direct-LED,UA77,4K,60,300,골든셋(공식 사이트/뉴스 확인),none,α7 AI Gen8,2.0,20,webOS 25,"HDR10, HLG","ALLM, VRR","HDMI2.0 x4, eARC, WiFi, Bluetooth","LED-LCD, 60Hz, VRR/ALLM 게이밍","50, 55, 65, 75, 86","audio_channels, audio_output_w",webOS,Linux(webOS),ThinQ + Google Assistant/Alexa(내장 마이크),LG Channels,Gaming Portal(GeForce Now·Xbox Cloud·Luna),True,med,Magic Remote 포인터·직관 UX; AirPlay 2 + HomeKit 동시지원; Gaming Portal 클라우드 게임
LG,OLED B4,2024,mid,WOLED,self-emissive(OLED),B4,4K,120,650,RTINGS/전문리뷰 실측+동급 근사 · 실측 출처 reviews(659nit),per-pixel,α8 AI,2.0,20,webOS 24,"Dolby Vision, HDR10, HLG","VRR, ALLM, 120Hz, G-Sync, FreeSync, Dolby Vision Gaming","HDMI2.1 x2, eARC, WiFi, Bluetooth","WOLED, 120Hz, Dolby Vision, VRR/ALLM 게이밍","48, 55, 65, 77, 83","audio_channels, audio_output_w",webOS,Linux(webOS),ThinQ + Google Assistant/Alexa(내장 마이크),LG Channels,Gaming Portal(GeForce Now·Xbox Cloud·Luna),True,med,Magic Remote 포인터·직관 UX; AirPlay 2 + HomeKit 동시지원; Gaming Portal 클라우드 게임
LG,OLED evo C4,2024,high,WOLED,self-emissive(OLED),C4,4K,144,1065,RTINGS/전문리뷰 실측+동급 근사 · 실측 출처 flatpanelshd(1049nit),per-pixel,α9 Gen7,2.2,40,webOS 24,"Dolby Vision, HDR10, HLG","VRR, ALLM, 144Hz, G-Sync, FreeSync, Dolby Vision Gaming","HDMI2.1 x4, eARC, WiFi, Bluetooth","WOLED, 144Hz, Dolby Vision, VRR/ALLM 게이밍","42, 48, 55, 65, 77, 83","audio_channels, audio_output_w",webOS,Linux(webOS),ThinQ + Google Assistant/Alexa(내장 마이크),LG Channels,Gaming Portal(GeForce Now·Xbox Cloud·Luna),True,med,Magic Remote 포인터·직관 UX; AirPlay 2 + HomeKit 동시지원; Gaming Portal 클라우드 게임
LG,OLED evo G4,2024,flagship,WOLED,self-emissive(OLED),G4,4K,144,1500,RTINGS/전문리뷰 실측+동급 근사 · 실측 출처 flatpanelshd(1500nit),per-pixel,α11 AI,4.2,60,webOS 24,"Dolby Vision, HDR10, HLG","VRR, ALLM, 144Hz, G-Sync, FreeSync, Dolby Vision Gaming","HDMI2.1 x4, eARC, WiFi, Bluetooth","WOLED, 144Hz, Dolby Vision, VRR/ALLM 게이밍","55, 65, 77, 83, 97","audio_channels, audio_output_w",webOS,Linux(webOS),ThinQ + Google Assistant/Alexa(내장 마이크),LG Channels,Gaming Portal(GeForce Now·Xbox Cloud·Luna),True,med,Magic Remote 포인터·직관 UX; AirPlay 2 + HomeKit 동시지원; Gaming Portal 클라우드 게임
LG,QNED,2024,mid,LED-LCD,edge-lit,QNED80T,4K,120,500,RTINGS/전문리뷰 실측+동급 근사,edge-lit,α7 AI,2.0,20,webOS 24,"HDR10, HLG","VRR, ALLM, 120Hz, G-Sync, FreeSync, Dolby Vision Gaming","HDMI2.0 x3, eARC, WiFi, Bluetooth","LED-LCD, 120Hz, VRR/ALLM 게이밍",,"audio_channels, audio_output_w",webOS,Linux(webOS),ThinQ + Google Assistant/Alexa(내장 마이크),LG Channels,Gaming Portal(GeForce Now·Xbox Cloud·Luna),True,med,Magic Remote 포인터·직관 UX; AirPlay 2 + HomeKit 동시지원; Gaming Portal 클라우드 게임
LG,QNED,2024,high,Mini-LED,Mini-LED,QNED90T,4K,144,1500,RTINGS/전문리뷰 실측+동급 근사,mini-led,α8 AI,2.2,40,webOS 24,"Dolby Vision, HDR10, HLG","VRR, ALLM, 144Hz, G-Sync, FreeSync, Dolby Vision Gaming","HDMI2.1 x2, eARC, WiFi, Bluetooth","Mini-LED, 144Hz, Dolby Vision, VRR/ALLM 게이밍",,"audio_channels, audio_output_w",webOS,Linux(webOS),ThinQ + Google Assistant/Alexa(내장 마이크),LG Channels,Gaming Portal(GeForce Now·Xbox Cloud·Luna),True,med,Magic Remote 포인터·직관 UX; AirPlay 2 + HomeKit 동시지원; Gaming Portal 클라우드 게임
LG,SIGNATURE OLED T,2024,flagship,WOLED,self-emissive(OLED),T4,4K,120,650,골든셋(공식 사이트/뉴스 확인),per-pixel,α11 AI,4.2,60,webOS 24,"Dolby Vision, HDR10, HLG","VRR, ALLM, 120Hz, G-Sync, FreeSync","HDMI2.1 x4, eARC, WiFi, Bluetooth","WOLED, 120Hz, Dolby Vision, VRR/ALLM 게이밍",77,"audio_channels, audio_output_w",webOS,Linux(webOS),ThinQ + Google Assistant/Alexa(내장 마이크),LG Channels,Gaming Portal(GeForce Now·Xbox Cloud·Luna),True,med,Magic Remote 포인터·직관 UX; AirPlay 2 + HomeKit 동시지원; Gaming Portal 클라우드 게임
LG,OLED B3,2023,mid,WOLED,self-emissive(OLED),B3,4K,120,650,골든셋(공식 사이트/뉴스 확인) · 실측 출처 rtings(655nit),per-pixel,α7 AI Gen6,2.0,20,webOS 23,"Dolby Vision, HDR10, HLG","VRR, ALLM, 120Hz, G-Sync, FreeSync","HDMI2.1 x4, eARC, WiFi, Bluetooth","WOLED, 120Hz, Dolby Vision, VRR/ALLM 게이밍","48, 55, 65, 77, 83","audio_channels, audio_output_w",webOS,Linux(webOS),ThinQ + Google Assistant/Alexa(내장 마이크),LG Channels,Gaming Portal(GeForce Now·Xbox Cloud·Luna),True,med,Magic Remote 포인터·직관 UX; AirPlay 2 + HomeKit 동시지원; Gaming Portal 클라우드 게임
LG,OLED evo C3,2023,high,WOLED,self-emissive(OLED),C3,4K,120,800,RTINGS/전문리뷰 실측+동급 근사,per-pixel,α9 Gen6,2.2,40,webOS 23,"Dolby Vision, HDR10, HLG","VRR, ALLM, 120Hz, G-Sync, FreeSync, Dolby Vision Gaming","HDMI2.1 x4, eARC, WiFi, Bluetooth","WOLED, 120Hz, Dolby Vision, VRR/ALLM 게이밍",,"audio_channels, audio_output_w",webOS,Linux(webOS),ThinQ + Google Assistant/Alexa(내장 마이크),LG Channels,Gaming Portal(GeForce Now·Xbox Cloud·Luna),True,med,Magic Remote 포인터·직관 UX; AirPlay 2 + HomeKit 동시지원; Gaming Portal 클라우드 게임
LG,OLED evo G3,2023,flagship,WOLED,self-emissive(OLED),G3,4K,120,1450,RTINGS/전문리뷰 실측+동급 근사,per-pixel,α9 Gen6,4.2,60,webOS 23,"Dolby Vision, HDR10, HLG","VRR, ALLM, 120Hz, G-Sync, FreeSync, Dolby Vision Gaming","HDMI2.1 x4, eARC, WiFi, Bluetooth","WOLED, 120Hz, Dolby Vision, VRR/ALLM 게이밍",,"audio_channels, audio_output_w",webOS,Linux(webOS),ThinQ + Google Assistant/Alexa(내장 마이크),LG Channels,Gaming Portal(GeForce Now·Xbox Cloud·Luna),True,med,Magic Remote 포인터·직관 UX; AirPlay 2 + HomeKit 동시지원; Gaming Portal 클라우드 게임
LG,SIGNATURE OLED Z3 8K,2023,flagship,WOLED,self-emissive(OLED),Z3,8K,120,700,골든셋(공식 사이트/뉴스 확인),per-pixel,α9 AI Gen6 8K,6.2.4,90,webOS 23,"Dolby Vision, HDR10, HLG","VRR, ALLM, 120Hz, G-Sync, FreeSync","HDMI2.1 x4, eARC, WiFi, Bluetooth","WOLED, 120Hz, Dolby Vision, VRR/ALLM 게이밍","77, 88","audio_channels, audio_output_w",webOS,Linux(webOS),ThinQ + Google Assistant/Alexa(내장 마이크),LG Channels,Gaming Portal(GeForce Now·Xbox Cloud·Luna),True,med,Magic Remote 포인터·직관 UX; AirPlay 2 + HomeKit 동시지원; Gaming Portal 클라우드 게임
Panasonic,Panasonic Z90B,2025,high,WOLED,self-emissive(OLED),Z90B,4K,144,950,골든셋(공식 사이트/뉴스 확인),per-pixel,HCX Pro AI MK II,2.2,40,Fire TV OS,"Dolby Vision, HDR10+ Adaptive, HLG","VRR, ALLM, 144Hz, Game Mode Extreme","HDMI2.1 x2, eARC, WiFi, Bluetooth","WOLED, 144Hz, Dolby Vision, VRR/ALLM 게이밍","42, 48, 55, 65, 77","audio_channels, audio_output_w",Fire-TV,Fire OS(Android fork),Alexa(핸즈프리 최강),Amazon Freevee + Fire TV 채널,Amazon Luna(클라우드 게임),False,high,Alexa 핸즈프리 음성 최강; Amazon Luna 클라우드 게임; Prime Video·Amazon 생태계 밀착
Panasonic,Panasonic Z95B,2025,flagship,WOLED,self-emissive(OLED),Z95B,4K,144,2200,골든셋(공식 사이트/뉴스 확인),per-pixel,HCX Pro AI MK II,2.1.2,60,Fire TV OS,"Dolby Vision, HDR10+ Adaptive, HLG","VRR, ALLM, 144Hz, Game Mode Extreme","HDMI2.1 x2, eARC, WiFi, Bluetooth","WOLED, 144Hz, 고휘도(2000nit+), Dolby Vision, VRR/ALLM 게이밍","55, 65, 77","audio_channels, audio_output_w",Fire-TV,Fire OS(Android fork),Alexa(핸즈프리 최강),Amazon Freevee + Fire TV 채널,Amazon Luna(클라우드 게임),False,high,Alexa 핸즈프리 음성 최강; Amazon Luna 클라우드 게임; Prime Video·Amazon 생태계 밀착
Philips,Ambilight OLED811,2026,high,WOLED,self-emissive(OLED),OLED811,4K,144,2500,골든셋(공식 사이트/뉴스 확인),per-pixel,P5 AI Gen10,2.2,40,Google TV,"Dolby Vision 2, HDR10+, HLG","VRR, ALLM, 144Hz, FreeSync","HDMI2.1 x2, eARC, WiFi, Bluetooth","WOLED, 144Hz, 고휘도(2000nit+), HDR10+, VRR/ALLM 게이밍","55, 65, 77","audio_channels, audio_output_w",Google-TV,Android(AOSP),Google Assistant/Gemini,Google TV Freeplay(라이브 탭),GeForce Now 앱(브라우저·앱 기반),False,med,최다 앱(Play Store 1만+); Chromecast 내장 캐스팅; 서비스 교차 개인화 추천(콘텐츠 애그리게이션)
Philips,Ambilight OLED911,2026,flagship,WOLED,self-emissive(OLED),OLED911,4K,165,3700,골든셋(공식 사이트/뉴스 확인),per-pixel,P5 AI Gen10,2.1.2,60,Google TV,"Dolby Vision 2, HDR10+, HLG","VRR, ALLM, 165Hz, G-Sync, FreeSync","HDMI2.1 x2, eARC, WiFi, Bluetooth","WOLED, 165Hz, 고휘도(2000nit+), HDR10+, VRR/ALLM 게이밍","48, 55, 65, 77","audio_channels, audio_output_w",Google-TV,Android(AOSP),Google Assistant/Gemini,Google TV Freeplay(라이브 탭),GeForce Now 앱(브라우저·앱 기반),False,med,최다 앱(Play Store 1만+); Chromecast 내장 캐스팅; 서비스 교차 개인화 추천(콘텐츠 애그리게이션)
Philips,Ambilight OLED810,2025,high,WOLED,self-emissive(OLED),OLED810,4K,144,1500,골든셋(공식 사이트/뉴스 확인) · 실측 출처 flatpanelshd(1300nit),per-pixel,P5 AI Gen9,2.2,40,Google TV,"Dolby Vision, HDR10+, HLG","VRR, ALLM, 144Hz, FreeSync","HDMI2.1 x2, eARC, WiFi, Bluetooth","WOLED, 144Hz, Dolby Vision, VRR/ALLM 게이밍","42, 48, 55, 65, 77","audio_channels, audio_output_w",Google-TV,Android(AOSP),Google Assistant/Gemini,Google TV Freeplay(라이브 탭),GeForce Now 앱(브라우저·앱 기반),False,med,최다 앱(Play Store 1만+); Chromecast 내장 캐스팅; 서비스 교차 개인화 추천(콘텐츠 애그리게이션)
Philips,Ambilight OLED910,2025,flagship,WOLED,self-emissive(OLED),OLED910,4K,165,3700,골든셋(공식 사이트/뉴스 확인) · 실측 출처 flatpanelshd(2100nit),per-pixel,P5 AI Gen9,2.1.2,60,Google TV,"Dolby Vision, HDR10+, HLG","VRR, ALLM, 165Hz, G-Sync, FreeSync","HDMI2.1 x2, eARC, WiFi, Bluetooth","WOLED, 165Hz, 고휘도(2000nit+), Dolby Vision, VRR/ALLM 게이밍","55, 65, 77","audio_channels, audio_output_w",Google-TV,Android(AOSP),Google Assistant/Gemini,Google TV Freeplay(라이브 탭),GeForce Now 앱(브라우저·앱 기반),False,med,최다 앱(Play Store 1만+); Chromecast 내장 캐스팅; 서비스 교차 개인화 추천(콘텐츠 애그리게이션)
Roku,Roku Select Series,2025,entry,QLED,edge-lit,R5D5,4K,60,300,골든셋(공식 사이트/뉴스 확인),none,,2.0,20,Roku OS 14,"HDR10, HLG",ALLM,"HDMI2.0 x3, ARC, WiFi, Bluetooth","QLED, 60Hz","43, 50, 55, 65, 75, 85","audio_channels, audio_output_w",Roku,Linux(Roku OS),Roku Voice,The Roku Channel(FAST 최강),미지원(클라우드 게임 없음),True,high,가장 단순·직관적 UI; 특정 스트리밍사에 치우치지 않는 중립 추천; 저가 하드웨어·빠른 반응
Roku,Roku Plus Series,2025,mid,Mini-LED,Mini-LED,R6C7,4K,60,500,골든셋(공식 사이트/뉴스 확인),mini-led,,2.0,20,Roku OS 14,"Dolby Vision, HDR10+, HDR10, HLG",ALLM,"HDMI2.0 x4, eARC, WiFi6, Bluetooth","Mini-LED, 60Hz, Dolby Vision","55, 65, 75","audio_channels, audio_output_w",Roku,Linux(Roku OS),Roku Voice,The Roku Channel(FAST 최강),미지원(클라우드 게임 없음),True,high,가장 단순·직관적 UI; 특정 스트리밍사에 치우치지 않는 중립 추천; 저가 하드웨어·빠른 반응
Roku,Roku Pro Series,2025,high,Mini-LED,Mini-LED,R8C5,4K,120,1000,골든셋(공식 사이트/뉴스 확인) · 실측 출처 tomsguide(1818nit),mini-led,Roku Smart Picture,2.2,40,Roku OS 14,"Dolby Vision, HDR10+, HLG","VRR, ALLM, 120Hz, FreeSync Premium Pro","HDMI2.1 x2, eARC, WiFi, Bluetooth","Mini-LED, 120Hz, Dolby Vision, VRR/ALLM 게이밍","55, 65, 75","audio_channels, audio_output_w",Roku,Linux(Roku OS),Roku Voice,The Roku Channel(FAST 최강),미지원(클라우드 게임 없음),True,high,가장 단순·직관적 UI; 특정 스트리밍사에 치우치지 않는 중립 추천; 저가 하드웨어·빠른 반응
Sony,BRAVIA 3 II,2026,mid,LED-LCD,FALD,XR30M2,4K,120,500,골든셋(공식 사이트/뉴스 확인),full-array,XR Triluminos Pro,2.0,20,Google TV,"Dolby Vision, HDR10, HLG","VRR, ALLM, 120Hz","HDMI2.1 x4, eARC, WiFi, Bluetooth","LED-LCD, 120Hz, Dolby Vision, VRR/ALLM 게이밍","43, 50, 55, 65, 75, 85, 98","audio_channels, audio_output_w",Google-TV,Android(AOSP),Google Assistant/Gemini,Google TV Freeplay(라이브 탭),GeForce Now 앱(브라우저·앱 기반),False,med,최다 앱(Play Store 1만+); Chromecast 내장 캐스팅; 서비스 교차 개인화 추천(콘텐츠 애그리게이션)
Sony,BRAVIA 7 II True RGB,2026,high,Mini-LED,Mini-LED,XR70II,4K,120,2500,골든셋(공식 사이트/뉴스 확인),mini-led,XR Processor,2.2,40,Google TV,"Dolby Vision, HDR10, HLG","VRR, ALLM, 120Hz","HDMI2.1 x2, eARC, WiFi, Bluetooth","Mini-LED, 120Hz, 고휘도(2000nit+), Dolby Vision, VRR/ALLM 게이밍","50, 55, 65, 75, 85, 98","audio_channels, audio_output_w",Google-TV,Android(AOSP),Google Assistant/Gemini,Google TV Freeplay(라이브 탭),GeForce Now 앱(브라우저·앱 기반),False,med,최다 앱(Play Store 1만+); Chromecast 내장 캐스팅; 서비스 교차 개인화 추천(콘텐츠 애그리게이션)
Sony,BRAVIA 9 II True RGB,2026,flagship,Mini-LED,Mini-LED,XR95II,4K,120,4250,골든셋(공식 사이트/뉴스 확인) · 실측 출처 reviews(4250nit),mini-led,XR Processor,2.2,70,Google TV,"Dolby Vision, HDR10, HLG","VRR, ALLM, 120Hz","HDMI2.1 x2, eARC, WiFi, Bluetooth","Mini-LED, 120Hz, 고휘도(2000nit+), Dolby Vision, VRR/ALLM 게이밍","65, 75, 85, 115","audio_channels, audio_output_w",Google-TV,Android(AOSP),Google Assistant/Gemini,Google TV Freeplay(라이브 탭),GeForce Now 앱(브라우저·앱 기반),False,med,최다 앱(Play Store 1만+); Chromecast 내장 캐스팅; 서비스 교차 개인화 추천(콘텐츠 애그리게이션)
Sony,BRAVIA 2 II,2025,entry,LED-LCD,direct-LED,S20M2,4K,60,400,골든셋(공식 사이트/뉴스 확인),none,4K Processor X1,2.0,20,Google TV,"HDR10, HLG","ALLM, Auto HDR Tone Mapping","HDMI2.0 x4, eARC, WiFi, Bluetooth","LED-LCD, 60Hz, VRR/ALLM 게이밍","43, 50, 55, 65, 75","audio_channels, audio_output_w",Google-TV,Android(AOSP),Google Assistant/Gemini,Google TV Freeplay(라이브 탭),GeForce Now 앱(브라우저·앱 기반),False,med,최다 앱(Play Store 1만+); Chromecast 내장 캐스팅; 서비스 교차 개인화 추천(콘텐츠 애그리게이션)
Sony,BRAVIA 5,2025,high,Mini-LED,Mini-LED,XR50,4K,120,2000,RTINGS/전문리뷰 실측+동급 근사 · 실측 출처 hometheaterhifi(769nit),mini-led,XR Processor,2.2,40,Google TV,"Dolby Vision, HDR10, HLG","VRR, ALLM, 120Hz, Auto HDR Tone Mapping, Dolby Vision Gaming","HDMI2.1 x2, eARC, WiFi, Bluetooth","Mini-LED, 120Hz, 고휘도(2000nit+), Dolby Vision, VRR/ALLM 게이밍","55, 65, 75, 85, 98","audio_channels, audio_output_w",Google-TV,Android(AOSP),Google Assistant/Gemini,Google TV Freeplay(라이브 탭),GeForce Now 앱(브라우저·앱 기반),False,med,최다 앱(Play Store 1만+); Chromecast 내장 캐스팅; 서비스 교차 개인화 추천(콘텐츠 애그리게이션)
Sony,BRAVIA 8 II,2025,flagship,QD-OLED,self-emissive(OLED),XR80II,4K,120,2100,RTINGS/전문리뷰 실측+동급 근사 · 실측 출처 flatpanelshd(1681nit),per-pixel,XR Processor,2.2,70,Google TV,"Dolby Vision, HDR10, HLG","VRR, ALLM, 120Hz, Auto HDR Tone Mapping, Dolby Vision Gaming","HDMI2.1 x2, eARC, WiFi, Bluetooth","QD-OLED, 120Hz, 고휘도(2000nit+), Dolby Vision, VRR/ALLM 게이밍","55, 65","audio_channels, audio_output_w",Google-TV,Android(AOSP),Google Assistant/Gemini,Google TV Freeplay(라이브 탭),GeForce Now 앱(브라우저·앱 기반),False,med,최다 앱(Play Store 1만+); Chromecast 내장 캐스팅; 서비스 교차 개인화 추천(콘텐츠 애그리게이션)
Sony,BRAVIA 3,2024,entry,LED-LCD,direct-LED,S30,4K,60,400,골든셋(공식 사이트/뉴스 확인),none,4K Processor X1,2.0,20,Google TV,"Dolby Vision, HDR10, HLG",ALLM,"HDMI2.0 x2, eARC, WiFi, Bluetooth","LED-LCD, 60Hz, Dolby Vision","43, 50, 55, 65, 75, 85","audio_channels, audio_output_w",Google-TV,Android(AOSP),Google Assistant/Gemini,Google TV Freeplay(라이브 탭),GeForce Now 앱(브라우저·앱 기반),False,med,최다 앱(Play Store 1만+); Chromecast 내장 캐스팅; 서비스 교차 개인화 추천(콘텐츠 애그리게이션)
Sony,BRAVIA 7,2024,mid,Mini-LED,Mini-LED,XR70,4K,120,1700,RTINGS/전문리뷰 실측+동급 근사 · 실측 출처 avforums(1456nit),mini-led,XR Processor,2.0,20,Google TV,"Dolby Vision, HDR10, HLG","VRR, ALLM, 120Hz, Auto HDR Tone Mapping, Dolby Vision Gaming","HDMI2.1 x2, eARC, WiFi, Bluetooth","Mini-LED, 120Hz, Dolby Vision, VRR/ALLM 게이밍","55, 65, 75, 85","audio_channels, audio_output_w, size_variants_in",Google-TV,Android(AOSP),Google Assistant/Gemini,Google TV Freeplay(라이브 탭),GeForce Now 앱(브라우저·앱 기반),False,med,최다 앱(Play Store 1만+); Chromecast 내장 캐스팅; 서비스 교차 개인화 추천(콘텐츠 애그리게이션)
Sony,BRAVIA 8,2024,high,WOLED,self-emissive(OLED),XR80,4K,120,1300,RTINGS/전문리뷰 실측+동급 근사 · 실측 출처 rtings(1300nit),per-pixel,XR Processor,2.2,40,Google TV,"Dolby Vision, HDR10, HLG","VRR, ALLM, 120Hz","HDMI2.1 x2, eARC, WiFi, Bluetooth","WOLED, 120Hz, Dolby Vision, VRR/ALLM 게이밍","55, 65, 77","audio_channels, audio_output_w",Google-TV,Android(AOSP),Google Assistant/Gemini,Google TV Freeplay(라이브 탭),GeForce Now 앱(브라우저·앱 기반),False,med,최다 앱(Play Store 1만+); Chromecast 내장 캐스팅; 서비스 교차 개인화 추천(콘텐츠 애그리게이션)
Sony,BRAVIA 9,2024,flagship,Mini-LED,Mini-LED,XR90,4K,120,2300,RTINGS/전문리뷰 실측+동급 근사,mini-led,XR Processor,2.2,70,Google TV,"Dolby Vision, HDR10, HLG","VRR, ALLM, 120Hz, Auto HDR Tone Mapping, Dolby Vision Gaming","HDMI2.1 x2, eARC, WiFi, Bluetooth","Mini-LED, 120Hz, 고휘도(2000nit+), Dolby Vision, VRR/ALLM 게이밍","65, 75, 85","audio_channels, audio_output_w",Google-TV,Android(AOSP),Google Assistant/Gemini,Google TV Freeplay(라이브 탭),GeForce Now 앱(브라우저·앱 기반),False,med,최다 앱(Play Store 1만+); Chromecast 내장 캐스팅; 서비스 교차 개인화 추천(콘텐츠 애그리게이션)
Sony,BRAVIA A80L,2023,high,WOLED,self-emissive(OLED),A80L,4K,120,1300,RTINGS/전문리뷰 실측+동급 근사 · 실측 출처 reviews(724nit),per-pixel,XR Processor,2.2,40,Google TV,"Dolby Vision, HDR10, HLG","VRR, ALLM, 120Hz, Auto HDR Tone Mapping, Dolby Vision Gaming","HDMI2.1 x2, eARC, WiFi, Bluetooth","WOLED, 120Hz, Dolby Vision, VRR/ALLM 게이밍","55, 65, 77, 83","audio_channels, audio_output_w, size_variants_in",Google-TV,Android(AOSP),Google Assistant/Gemini,Google TV Freeplay(라이브 탭),GeForce Now 앱(브라우저·앱 기반),False,med,최다 앱(Play Store 1만+); Chromecast 내장 캐스팅; 서비스 교차 개인화 추천(콘텐츠 애그리게이션)
Sony,BRAVIA A95L,2023,flagship,QD-OLED,self-emissive(OLED),A95L,4K,120,1300,RTINGS/전문리뷰 실측+동급 근사 · 실측 출처 avforums(1348nit),per-pixel,XR Processor,2.2,70,Google TV,"Dolby Vision, HDR10, HLG","VRR, ALLM, 120Hz, Auto HDR Tone Mapping, Dolby Vision Gaming","HDMI2.1 x2, eARC, WiFi, Bluetooth","QD-OLED, 120Hz, Dolby Vision, VRR/ALLM 게이밍","55, 65, 77","audio_channels, audio_output_w",Google-TV,Android(AOSP),Google Assistant/Gemini,Google TV Freeplay(라이브 탭),GeForce Now 앱(브라우저·앱 기반),False,med,최다 앱(Play Store 1만+); Chromecast 내장 캐스팅; 서비스 교차 개인화 추천(콘텐츠 애그리게이션)
Sony,BRAVIA X90L,2023,mid,LED-LCD,FALD,X90L,4K,120,1300,RTINGS/전문리뷰 실측+동급 근사 · 실측 출처 reviews(1600nit),full-array,XR Processor,2.0,20,Google TV,"Dolby Vision, HDR10, HLG","VRR, ALLM, 120Hz, Auto HDR Tone Mapping, Dolby Vision Gaming","HDMI2.1 x2, eARC, WiFi, Bluetooth","LED-LCD, 120Hz, Dolby Vision, VRR/ALLM 게이밍","55, 65, 75, 85, 98","audio_channels, audio_output_w",Google-TV,Android(AOSP),Google Assistant/Gemini,Google TV Freeplay(라이브 탭),GeForce Now 앱(브라우저·앱 기반),False,med,최다 앱(Play Store 1만+); Chromecast 내장 캐스팅; 서비스 교차 개인화 추천(콘텐츠 애그리게이션)
Sony,BRAVIA XR X95L,2023,high,Mini-LED,Mini-LED,X95L,4K,120,1300,골든셋(공식 사이트/뉴스 확인) · 실측 출처 rtings(1300nit),mini-led,XR Processor,2.2,40,Google TV,"Dolby Vision, HDR10, HLG","VRR, ALLM, 120Hz","HDMI2.1 x2, eARC, WiFi, Bluetooth","Mini-LED, 120Hz, Dolby Vision, VRR/ALLM 게이밍","65, 75, 85, 98","audio_channels, audio_output_w",Google-TV,Android(AOSP),Google Assistant/Gemini,Google TV Freeplay(라이브 탭),GeForce Now 앱(브라우저·앱 기반),False,med,최다 앱(Play Store 1만+); Chromecast 내장 캐스팅; 서비스 교차 개인화 추천(콘텐츠 애그리게이션)
TCL,TCL Max163M Micro LED,2026,flagship,Micro-LED,self-emissive(MicroLED),Max163M,4K,60,10000,골든셋(공식 사이트/뉴스 확인),per-pixel,,2.1.2,60,Google TV,"Dolby Vision, HDR10+, HLG",ALLM,"HDMI2.1 x4, eARC, WiFi, Bluetooth","Micro-LED, 60Hz, 고휘도(2000nit+), Dolby Vision",163,"audio_channels, audio_output_w",Google-TV,Android(AOSP),Google Assistant/Gemini,Google TV Freeplay(라이브 탭),GeForce Now 앱(브라우저·앱 기반),False,med,최다 앱(Play Store 1만+); Chromecast 내장 캐스팅; 서비스 교차 개인화 추천(콘텐츠 애그리게이션)
TCL,TCL Max163M Pro Micro LED,2026,flagship,Micro-LED,self-emissive(MicroLED),Max163MPro,4K,120,10000,골든셋(공식 사이트/뉴스 확인),per-pixel,,2.1.2,60,Google TV,"Dolby Vision, HDR10+, HLG","VRR, ALLM, 120Hz","HDMI2.1 x4, eARC, WiFi, Bluetooth","Micro-LED, 120Hz, 고휘도(2000nit+), Dolby Vision, VRR/ALLM 게이밍",163,"audio_channels, audio_output_w",Google-TV,Android(AOSP),Google Assistant/Gemini,Google TV Freeplay(라이브 탭),GeForce Now 앱(브라우저·앱 기반),False,med,최다 앱(Play Store 1만+); Chromecast 내장 캐스팅; 서비스 교차 개인화 추천(콘텐츠 애그리게이션)
TCL,TCL Q9M Pro SQD Mini LED,2026,flagship,Mini-LED,SQD-Mini-LED,Q9MPro,4K,144,5000,골든셋(공식 사이트/뉴스 확인),mini-led,AiPQ Pro,2.1.2,60,Google TV,"Dolby Vision, HDR10+, HLG","VRR, ALLM, 144Hz, Game Master","HDMI2.1 x2, eARC, WiFi, Bluetooth","Mini-LED, 144Hz, 고휘도(2000nit+), Dolby Vision, VRR/ALLM 게이밍","55, 65, 75, 85, 98","audio_channels, audio_output_w",Google-TV,Android(AOSP),Google Assistant/Gemini,Google TV Freeplay(라이브 탭),GeForce Now 앱(브라우저·앱 기반),False,med,최다 앱(Play Store 1만+); Chromecast 내장 캐스팅; 서비스 교차 개인화 추천(콘텐츠 애그리게이션)
TCL,QM6L SQD Mini LED,2026,mid,Mini-LED,QD-Mini-LED,QM6L,4K,144,1000,골든셋(공식 사이트/뉴스 확인),mini-led,TSR AI,2.0,20,Google TV,"Dolby Vision, HDR10+, HLG","VRR, ALLM, 144Hz, FreeSync Premium Pro","HDMI2.1 x2, eARC, WiFi, Bluetooth","Mini-LED, 144Hz, Dolby Vision, VRR/ALLM 게이밍","50, 55, 65, 75, 85, 98","audio_channels, audio_output_w, size_variants_in",Google-TV,Android(AOSP),Google Assistant/Gemini,Google TV Freeplay(라이브 탭),GeForce Now 앱(브라우저·앱 기반),False,med,최다 앱(Play Store 1만+); Chromecast 내장 캐스팅; 서비스 교차 개인화 추천(콘텐츠 애그리게이션)
TCL,QM7L SQD Mini LED,2026,high,Mini-LED,SQD-Mini-LED,QM7L,4K,144,3000,골든셋(공식 사이트/뉴스 확인),mini-led,TSR AI,2.2,40,Google TV,"Dolby Vision, HDR10+, HLG","VRR, ALLM, 144Hz, FreeSync Premium Pro, Game Accelerator 288","HDMI2.1 x2, eARC, WiFi, Bluetooth","Mini-LED, 144Hz, 고휘도(2000nit+), Dolby Vision, VRR/ALLM 게이밍","55, 65, 75, 85, 98","audio_channels, audio_output_w",Google-TV,Android(AOSP),Google Assistant/Gemini,Google TV Freeplay(라이브 탭),GeForce Now 앱(브라우저·앱 기반),False,med,최다 앱(Play Store 1만+); Chromecast 내장 캐스팅; 서비스 교차 개인화 추천(콘텐츠 애그리게이션)
TCL,QM8L SQD Mini LED,2026,flagship,Mini-LED,SQD-Mini-LED,QM8L,4K,144,6000,골든셋(공식 사이트/뉴스 확인) · 실측 출처 rtings(4800nit),mini-led,TSR AI Pro,2.1.2,60,Google TV,"Dolby Vision, HDR10+, HLG","VRR, ALLM, 144Hz, FreeSync Premium Pro, Game Accelerator 288","HDMI2.1 x2, eARC, WiFi, Bluetooth","Mini-LED, 144Hz, 고휘도(2000nit+), Dolby Vision, VRR/ALLM 게이밍","55, 65, 75, 85, 98","audio_channels, audio_output_w, size_variants_in",Google-TV,Android(AOSP),Google Assistant/Gemini,Google TV Freeplay(라이브 탭),GeForce Now 앱(브라우저·앱 기반),False,med,최다 앱(Play Store 1만+); Chromecast 내장 캐스팅; 서비스 교차 개인화 추천(콘텐츠 애그리게이션)
TCL,TCL RM7L RGB Mini LED,2026,high,Mini-LED,RGB-Mini-LED,RM7L,4K,144,2000,골든셋(공식 사이트/뉴스 확인),mini-led,AiPQ Pro,2.2,40,Google TV,"Dolby Vision, HDR10+, HLG","VRR, ALLM, 144Hz, 288Hz, Game Master","HDMI2.1 x2, eARC, WiFi, Bluetooth","Mini-LED, 144Hz, 고휘도(2000nit+), Dolby Vision, VRR/ALLM 게이밍","65, 75, 85, 98","audio_channels, audio_output_w",Google-TV,Android(AOSP),Google Assistant/Gemini,Google TV Freeplay(라이브 탭),GeForce Now 앱(브라우저·앱 기반),False,med,최다 앱(Play Store 1만+); Chromecast 내장 캐스팅; 서비스 교차 개인화 추천(콘텐츠 애그리게이션)
TCL,RM9L RGB Mini LED,2026,flagship,Mini-LED,RGB-Mini-LED,RM9L,4K,144,5000,골든셋(공식 사이트/뉴스 확인),mini-led,AiPQ Ultra,2.1.2,60,Google TV,"Dolby Vision, HDR10+, HLG","VRR, ALLM, 144Hz, FreeSync Premium Pro, Game Master","HDMI2.1 x2, eARC, WiFi, Bluetooth","Mini-LED, 144Hz, 고휘도(2000nit+), Dolby Vision, VRR/ALLM 게이밍","75, 85, 98","audio_channels, audio_output_w, size_variants_in",Google-TV,Android(AOSP),Google Assistant/Gemini,Google TV Freeplay(라이브 탭),GeForce Now 앱(브라우저·앱 기반),False,med,최다 앱(Play Store 1만+); Chromecast 내장 캐스팅; 서비스 교차 개인화 추천(콘텐츠 애그리게이션)
TCL,TCL T7M Pro SQD Mini LED,2026,mid,Mini-LED,SQD-Mini-LED,T7MPro,4K,144,2200,골든셋(공식 사이트/뉴스 확인),mini-led,AiPQ Pro,2.0,20,Google TV,"Dolby Vision, HDR10+, HLG","VRR, ALLM, 144Hz, Game Master","HDMI2.1 x4, eARC, WiFi, Bluetooth","Mini-LED, 144Hz, 고휘도(2000nit+), Dolby Vision, VRR/ALLM 게이밍","65, 75, 85, 98","audio_channels, audio_output_w",Google-TV,Android(AOSP),Google Assistant/Gemini,Google TV Freeplay(라이브 탭),GeForce Now 앱(브라우저·앱 기반),False,med,최다 앱(Play Store 1만+); Chromecast 내장 캐스팅; 서비스 교차 개인화 추천(콘텐츠 애그리게이션)
TCL,TCL T7M Ultra SQD Mini LED,2026,high,Mini-LED,SQD-Mini-LED,T7MUltra,4K,144,3000,골든셋(공식 사이트/뉴스 확인),mini-led,AiPQ Pro,2.2,40,Google TV,"Dolby Vision, HDR10+, HLG","VRR, ALLM, 144Hz, Game Master","HDMI2.1 x4, eARC, WiFi, Bluetooth","Mini-LED, 144Hz, 고휘도(2000nit+), Dolby Vision, VRR/ALLM 게이밍","65, 75, 85, 98","audio_channels, audio_output_w",Google-TV,Android(AOSP),Google Assistant/Gemini,Google TV Freeplay(라이브 탭),GeForce Now 앱(브라우저·앱 기반),False,med,최다 앱(Play Store 1만+); Chromecast 내장 캐스팅; 서비스 교차 개인화 추천(콘텐츠 애그리게이션)
TCL,X11L SQD Mini LED,2026,flagship,Mini-LED,SQD-Mini-LED,X11L,4K,144,6500,골든셋(공식 사이트/뉴스 확인),mini-led,TSR AI,2.1.2,60,Google TV,"Dolby Vision, HDR10+, HLG","VRR, ALLM, 144Hz, FreeSync Premium Pro, Game Master","HDMI2.1 x2, eARC, WiFi, Bluetooth","Mini-LED, 144Hz, 고휘도(2000nit+), Dolby Vision, VRR/ALLM 게이밍","75, 85, 98","audio_channels, audio_output_w",Google-TV,Android(AOSP),Google Assistant/Gemini,Google TV Freeplay(라이브 탭),GeForce Now 앱(브라우저·앱 기반),False,med,최다 앱(Play Store 1만+); Chromecast 내장 캐스팅; 서비스 교차 개인화 추천(콘텐츠 애그리게이션)
TCL,TCL Q9M RGB Mini LED,2025,high,Mini-LED,RGB-Mini-LED,Q9M,4K,144,2000,골든셋(공식 사이트/뉴스 확인),mini-led,MediaTek 9655+,2.2,40,Google TV,"Dolby Vision, HDR10+, HLG","VRR, ALLM, 144Hz, 288Hz, Game Master","HDMI2.1 x4, eARC, WiFi, Bluetooth","Mini-LED, 144Hz, 고휘도(2000nit+), Dolby Vision, VRR/ALLM 게이밍","65, 75, 85, 98","audio_channels, audio_output_w",Google-TV,Android(AOSP),Google Assistant/Gemini,Google TV Freeplay(라이브 탭),GeForce Now 앱(브라우저·앱 기반),False,med,최다 앱(Play Store 1만+); Chromecast 내장 캐스팅; 서비스 교차 개인화 추천(콘텐츠 애그리게이션)
TCL,QM6K,2025,mid,Mini-LED,QD-Mini-LED,QM6K,4K,144,1300,RTINGS/전문리뷰 실측+동급 근사 · 실측 출처 reviews(700nit),mini-led,AiPQ,2.0,20,Google TV,"Dolby Vision, HDR10+, HLG","VRR, ALLM, 144Hz, FreeSync Premium Pro, Game Master","HDMI2.1 x2, eARC, WiFi, Bluetooth","Mini-LED, 144Hz, Dolby Vision, VRR/ALLM 게이밍","50, 55, 65, 75, 85, 98","audio_channels, audio_output_w",Google-TV,Android(AOSP),Google Assistant/Gemini,Google TV Freeplay(라이브 탭),GeForce Now 앱(브라우저·앱 기반),False,med,최다 앱(Play Store 1만+); Chromecast 내장 캐스팅; 서비스 교차 개인화 추천(콘텐츠 애그리게이션)
TCL,QM7K,2025,high,Mini-LED,QD-Mini-LED,QM7K,4K,144,2000,RTINGS/전문리뷰 실측+동급 근사 · 실측 출처 rtings(1731nit),mini-led,AiPQ Pro,2.2,40,Google TV,"Dolby Vision, HDR10+, HLG","VRR, ALLM, 144Hz, FreeSync Premium Pro, Game Master","HDMI2.1 x2, eARC, WiFi, Bluetooth","Mini-LED, 144Hz, 고휘도(2000nit+), Dolby Vision, VRR/ALLM 게이밍","55, 65, 75, 85, 98, 115","audio_channels, audio_output_w",Google-TV,Android(AOSP),Google Assistant/Gemini,Google TV Freeplay(라이브 탭),GeForce Now 앱(브라우저·앱 기반),False,med,최다 앱(Play Store 1만+); Chromecast 내장 캐스팅; 서비스 교차 개인화 추천(콘텐츠 애그리게이션)
TCL,QM8K,2025,flagship,Mini-LED,QD-Mini-LED,QM8K,4K,144,3035,RTINGS/전문리뷰 실측+동급 근사 · 실측 출처 rtings(2752nit),mini-led,AiPQ Pro,2.1.2,60,Google TV,"Dolby Vision, HDR10+, HLG","VRR, ALLM, 144Hz, FreeSync Premium Pro, Game Master","HDMI2.1 x2, eARC, WiFi, Bluetooth","Mini-LED, 144Hz, 고휘도(2000nit+), Dolby Vision, VRR/ALLM 게이밍","65, 75, 85, 98","audio_channels, audio_output_w",Google-TV,Android(AOSP),Google Assistant/Gemini,Google TV Freeplay(라이브 탭),GeForce Now 앱(브라우저·앱 기반),False,med,최다 앱(Play Store 1만+); Chromecast 내장 캐스팅; 서비스 교차 개인화 추천(콘텐츠 애그리게이션)
TCL,QM9K,2025,flagship,Mini-LED,QD-Mini-LED,QM9K,4K,144,5000,골든셋(공식 사이트/뉴스 확인) · 실측 출처 tomsguide(5413nit),mini-led,AiPQ Pro,2.1.2,60,Google TV,"Dolby Vision, HDR10+, HLG","VRR, ALLM, 144Hz, FreeSync Premium Pro","HDMI2.1 x2, eARC, WiFi, Bluetooth","Mini-LED, 144Hz, 고휘도(2000nit+), Dolby Vision, VRR/ALLM 게이밍","65, 75, 85, 98","audio_channels, audio_output_w",Google-TV,Android(AOSP),Google Assistant/Gemini,Google TV Freeplay(라이브 탭),GeForce Now 앱(브라우저·앱 기반),False,med,최다 앱(Play Store 1만+); Chromecast 내장 캐스팅; 서비스 교차 개인화 추천(콘텐츠 애그리게이션)
TCL,S5 4K LED,2025,entry,LED-LCD,direct-LED,S5,4K,60,300,골든셋(공식 사이트/뉴스 확인),none,AIPQ,2.0,20,Google TV,"Dolby Vision, HDR10, HDR10+, HLG",ALLM,"HDMI2.0 x3, eARC, WiFi, Bluetooth","LED-LCD, 60Hz, Dolby Vision","43, 50, 55, 58, 65, 75, 85","audio_channels, audio_output_w",Google-TV,Android(AOSP),Google Assistant/Gemini,Google TV Freeplay(라이브 탭),GeForce Now 앱(브라우저·앱 기반),False,med,최다 앱(Play Store 1만+); Chromecast 내장 캐스팅; 서비스 교차 개인화 추천(콘텐츠 애그리게이션)
TCL,X11K QD Mini LED,2025,flagship,Mini-LED,QD-Mini-LED,X11K,4K,144,6500,골든셋(공식 사이트/뉴스 확인) · 실측 출처 reviews(5000nit),mini-led,AiPQ Ultra,2.1.2,60,Google TV,"Dolby Vision, HDR10+, HLG","VRR, ALLM, 144Hz, FreeSync Premium Pro, Game Master","HDMI2.1 x2, eARC, WiFi, Bluetooth","Mini-LED, 144Hz, 고휘도(2000nit+), Dolby Vision, VRR/ALLM 게이밍","85, 98","audio_channels, audio_output_w",Google-TV,Android(AOSP),Google Assistant/Gemini,Google TV Freeplay(라이브 탭),GeForce Now 앱(브라우저·앱 기반),False,med,최다 앱(Play Store 1만+); Chromecast 내장 캐스팅; 서비스 교차 개인화 추천(콘텐츠 애그리게이션)
TCL,C855,2024,high,Mini-LED,QD-Mini-LED,C855,4K,144,2500,RTINGS/전문리뷰 실측+동급 근사,mini-led,AiPQ Pro,2.2,40,Google TV,"Dolby Vision, HDR10+, HLG","VRR, ALLM, 144Hz, FreeSync Premium Pro, Game Master","HDMI2.1 x2, eARC, WiFi, Bluetooth","Mini-LED, 144Hz, 고휘도(2000nit+), Dolby Vision, VRR/ALLM 게이밍","65, 75, 85, 98","audio_channels, audio_output_w",Google-TV,Android(AOSP),Google Assistant/Gemini,Google TV Freeplay(라이브 탭),GeForce Now 앱(브라우저·앱 기반),False,med,최다 앱(Play Store 1만+); Chromecast 내장 캐스팅; 서비스 교차 개인화 추천(콘텐츠 애그리게이션)
TCL,Q10K 旗舰 Mini LED,2024,flagship,Mini-LED,QD-Mini-LED,Q10K,4K,144,3800,골든셋(공식 사이트/뉴스 확인),mini-led,AiPQ,2.1.2,60,Google TV,"Dolby Vision, HDR10+, HLG","VRR, ALLM, 144Hz, Game Master","HDMI2.1 x2, eARC, WiFi, Bluetooth","Mini-LED, 144Hz, 고휘도(2000nit+), Dolby Vision, VRR/ALLM 게이밍","65, 75, 85, 98","audio_channels, audio_output_w",Android-TV,Android(AOSP),Google Assistant,라이브 채널(브랜드별),GeForce Now 앱,False,low,Play Store 앱 다양성; Chromecast 내장; Google Assistant
TCL,QM8,2024,flagship,Mini-LED,QD-Mini-LED,QM851G,4K,144,3000,RTINGS/전문리뷰 실측+동급 근사 · 실측 출처 rtings(3583nit),mini-led,AiPQ Pro,2.1.2,60,Google TV,"Dolby Vision, HDR10+, HLG","VRR, ALLM, 144Hz, FreeSync Premium Pro, Game Master","HDMI2.1 x2, eARC, WiFi, Bluetooth","Mini-LED, 144Hz, 고휘도(2000nit+), Dolby Vision, VRR/ALLM 게이밍","65, 75, 85, 98, 115","audio_channels, audio_output_w",Google-TV,Android(AOSP),Google Assistant/Gemini,Google TV Freeplay(라이브 탭),GeForce Now 앱(브라우저·앱 기반),False,med,최다 앱(Play Store 1만+); Chromecast 내장 캐스팅; 서비스 교차 개인화 추천(콘텐츠 애그리게이션)
TCL,C845,2023,high,Mini-LED,QD-Mini-LED,C845,4K,144,2000,RTINGS/전문리뷰 실측+동급 근사,mini-led,AiPQ,2.2,40,Google TV,"Dolby Vision, HDR10+, HLG","VRR, ALLM, 144Hz, FreeSync Premium Pro, Game Master","HDMI2.1 x2, eARC, WiFi, Bluetooth","Mini-LED, 144Hz, 고휘도(2000nit+), Dolby Vision, VRR/ALLM 게이밍","55, 65, 75, 85, 98","audio_channels, audio_output_w, size_variants_in",Google-TV,Android(AOSP),Google Assistant/Gemini,Google TV Freeplay(라이브 탭),GeForce Now 앱(브라우저·앱 기반),False,med,최다 앱(Play Store 1만+); Chromecast 내장 캐스팅; 서비스 교차 개인화 추천(콘텐츠 애그리게이션)
Thomson,Google TV MiniLED,2025,mid,Mini-LED,Mini-LED,MG7C15,4K,144,1000,골든셋(공식 사이트/뉴스 확인),mini-led,,2.0,20,Google TV,"Dolby Vision, HDR10, HLG","VRR, ALLM, 144Hz","HDMI2.1 x2, eARC, WiFi, Bluetooth","Mini-LED, 144Hz, Dolby Vision, VRR/ALLM 게이밍","43, 50, 55, 65, 75","audio_channels, audio_output_w",Google-TV,Android(AOSP),Google Assistant/Gemini,Google TV Freeplay(라이브 탭),GeForce Now 앱(브라우저·앱 기반),False,med,최다 앱(Play Store 1만+); Chromecast 내장 캐스팅; 서비스 교차 개인화 추천(콘텐츠 애그리게이션)
Thomson,Google TV QLED Pro,2025,entry,QLED,edge-lit,UG5X15,4K,60,400,골든셋(공식 사이트/뉴스 확인),none,,2.0,20,Google TV,"Dolby Vision, HDR10, HLG",ALLM,"HDMI2.0 x3, eARC, WiFi, Bluetooth","QLED, 60Hz, Dolby Vision","43, 50, 55, 65","audio_channels, audio_output_w, size_variants_in",Google-TV,Android(AOSP),Google Assistant/Gemini,Google TV Freeplay(라이브 탭),GeForce Now 앱(브라우저·앱 기반),False,med,최다 앱(Play Store 1만+); Chromecast 내장 캐스팅; 서비스 교차 개인화 추천(콘텐츠 애그리게이션)
Toshiba,Toshiba C350 Fire TV,2025,entry,LED-LCD,direct-LED,C350,4K,60,300,골든셋(공식 사이트/뉴스 확인),none,REGZA Engine ZR,2.0,20,Fire OS 7,"Dolby Vision, HDR10, HLG",ALLM,"HDMI2.0 x3, ARC, WiFi, Bluetooth","LED-LCD, 60Hz, Dolby Vision","43, 50, 55, 65, 75, 85","audio_channels, audio_output_w",Fire-TV,Fire OS(Android fork),Alexa(핸즈프리 최강),Amazon Freevee + Fire TV 채널,Amazon Luna(클라우드 게임),False,high,Alexa 핸즈프리 음성 최강; Amazon Luna 클라우드 게임; Prime Video·Amazon 생태계 밀착
Xiaomi,Redmi X 2026 Mini LED,2026,mid,Mini-LED,Mini-LED,RedmiX26,4K,144,1200,골든셋(공식 사이트/뉴스 확인),mini-led,,2.0,20,Google TV,"Dolby Vision, HDR10, HLG","VRR, ALLM, 144Hz, 288Hz","HDMI2.1 x2, eARC, WiFi, Bluetooth","Mini-LED, 144Hz, Dolby Vision, VRR/ALLM 게이밍","55, 65, 75, 85, 98","audio_channels, audio_output_w",Google-TV,Android(AOSP),Google Assistant/Gemini,Google TV Freeplay(라이브 탭),GeForce Now 앱(브라우저·앱 기반),False,med,최다 앱(Play Store 1만+); Chromecast 내장 캐스팅; 서비스 교차 개인화 추천(콘텐츠 애그리게이션)
Xiaomi,Xiaomi TV S Mini LED 2026,2026,mid,Mini-LED,Mini-LED,S-2026,4K,60,1200,골든셋(공식 사이트/뉴스 확인),mini-led,MediaTek,2.0,20,Google TV,"Dolby Vision, HDR10+, HLG","VRR, ALLM","HDMI2.1 x2, eARC, WiFi, Bluetooth","Mini-LED, 60Hz, Dolby Vision, VRR/ALLM 게이밍","55, 65, 75, 85, 98","audio_channels, audio_output_w",Google-TV,Android(AOSP),Google Assistant/Gemini,Google TV Freeplay(라이브 탭),GeForce Now 앱(브라우저·앱 기반),False,med,최다 앱(Play Store 1만+); Chromecast 내장 캐스팅; 서비스 교차 개인화 추천(콘텐츠 애그리게이션)
Xiaomi,Xiaomi TV S Pro Mini LED 2026,2026,high,Mini-LED,Mini-LED,S-Pro26,4K,144,1700,골든셋(공식 사이트/뉴스 확인),mini-led,MediaTek,2.2,40,Google TV,"Dolby Vision, HDR10+, HLG","VRR, ALLM, 144Hz, Dolby Vision Gaming","HDMI2.1 x2, eARC, WiFi, Bluetooth","Mini-LED, 144Hz, Dolby Vision, VRR/ALLM 게이밍","65, 75, 85, 98","audio_channels, audio_output_w",Google-TV,Android(AOSP),Google Assistant/Gemini,Google TV Freeplay(라이브 탭),GeForce Now 앱(브라우저·앱 기반),False,med,최다 앱(Play Store 1만+); Chromecast 내장 캐스팅; 서비스 교차 개인화 추천(콘텐츠 애그리게이션)
Xiaomi,Xiaomi TV A Pro,2025,mid,LED-LCD,FALD,A-Pro,4K,60,400,골든셋(공식 사이트/뉴스 확인),full-array,MediaTek,2.0,20,Google TV,"Dolby Vision, HDR10, HLG",ALLM,"HDMI2.1 x1, eARC, WiFi, Bluetooth","LED-LCD, 60Hz, Dolby Vision","43, 50, 55, 65, 75, 85","audio_channels, audio_output_w, size_variants_in",Google-TV,Android(AOSP),Google Assistant/Gemini,Google TV Freeplay(라이브 탭),GeForce Now 앱(브라우저·앱 기반),False,med,최다 앱(Play Store 1만+); Chromecast 내장 캐스팅; 서비스 교차 개인화 추천(콘텐츠 애그리게이션)
Xiaomi,Xiaomi TV S Pro Mini LED,2025,high,Mini-LED,Mini-LED,S-MiniLED,4K,144,2000,골든셋(공식 사이트/뉴스 확인),mini-led,MediaTek,2.2,40,Google TV,"Dolby Vision, HDR10+, HLG","VRR, ALLM, 144Hz, Dolby Vision Gaming","HDMI2.1 x2, eARC, WiFi, Bluetooth","Mini-LED, 144Hz, 고휘도(2000nit+), Dolby Vision, VRR/ALLM 게이밍","65, 75, 85, 100","audio_channels, audio_output_w",Google-TV,Android(AOSP),Google Assistant/Gemini,Google TV Freeplay(라이브 탭),GeForce Now 앱(브라우저·앱 기반),False,med,최다 앱(Play Store 1만+); Chromecast 내장 캐스팅; 서비스 교차 개인화 추천(콘텐츠 애그리게이션)
Xiaomi,Xiaomi TV S Pro OLED,2025,high,WOLED,self-emissive(OLED),S-OLED,4K,144,1300,골든셋(공식 사이트/뉴스 확인),per-pixel,MediaTek,2.2,40,Google TV,"Dolby Vision, HDR10+, HLG","VRR, ALLM, 144Hz, Dolby Vision Gaming","HDMI2.1 x2, eARC, WiFi, Bluetooth","WOLED, 144Hz, Dolby Vision, VRR/ALLM 게이밍","55, 65, 77","audio_channels, audio_output_w, size_variants_in",Google-TV,Android(AOSP),Google Assistant/Gemini,Google TV Freeplay(라이브 탭),GeForce Now 앱(브라우저·앱 기반),False,med,최다 앱(Play Store 1만+); Chromecast 내장 캐스팅; 서비스 교차 개인화 추천(콘텐츠 애그리게이션)
Xiaomi,小米电视 大师 OLED,2024,flagship,WOLED,self-emissive(OLED),MasterOLED,4K,120,1000,골든셋(공식 사이트/뉴스 확인),per-pixel,MediaTek,2.1.2,60,Google TV,"Dolby Vision, HDR10+, HLG","VRR, ALLM, 120Hz, Dolby Vision Gaming","HDMI2.1 x3, eARC, WiFi, Bluetooth","WOLED, 120Hz, Dolby Vision, VRR/ALLM 게이밍","65, 77","audio_channels, audio_output_w",Android-TV,Android(AOSP),Google Assistant,라이브 채널(브랜드별),GeForce Now 앱,False,low,Play Store 앱 다양성; Chromecast 내장; Google Assistant
